symbol,sector
XOM,Energy
CVX,Energy
COP,Energy
EOG,Energy
SLB,Energy
HAL,Energy
PSX,Energy
MPC,Energy
OXY,Energy
DVN,Energy
KMI,Energy
LIN,Materials
APD,Materials
ECL,Materials
SHW,Materials
NUE,Materials
DOW,Materials
SCCO,Materials
FCX,Materials
MLM,Materials
VMC,Materials
BA,Industrials
CAT,Industrials
DE,Industrials
HON,Industrials
GE,Industrials
LMT,Industrials
UPS,Industrials
UNP,Industrials
MMM,Industrials
RTX,Industrials
GD,Industrials
ETN,Industrials
NEE,Utilities
DUK,Utilities
SO,Utilities
AEP,Utilities
EXC,Utilities
XEL,Utilities
SRE,Utilities
D,Utilities
ED,Utilities
PEG,Utilities
JNJ,Healthcare
PFE,Healthcare
MRK,Healthcare
UNH,Healthcare
ABBV,Healthcare
ABT,Healthcare
TMO,Healthcare
MDT,Healthcare
CVS,Healthcare
BMY,Healthcare
JPM,Financials
BAC,Financials
WFC,Financials
C,Financials
GS,Financials
MS,Financials
BLK,Financials
BK,Financials
AXP,Financials
USB,Financials
PGR,Financials
AMZN,Consumer Discretionary
TSLA,Consumer Discretionary
HD,Consumer Discretionary
MCD,Consumer Discretionary
NKE,Consumer Discretionary
SBUX,Consumer Discretionary
TGT,Consumer Discretionary
LOW,Consumer Discretionary
BKNG,Consumer Discretionary
GM,Consumer Discretionary
PG,Consumer Staples
KO,Consumer Staples
PEP,Consumer Staples
WMT,Consumer Staples
COST,Consumer Staples
PM,Consumer Staples
MO,Consumer Staples
CL,Consumer Staples
KMB,Consumer Staples
MDLZ,Consumer Staples
KR,Consumer Staples
AAPL,Information Technology
MSFT,Information Technology
NVDA,Information Technology
AVGO,Information Technology
ORCL,Information Technology
CRM,Information Technology
ADBE,Information Technology
INTC,Information Technology
AMD,Information Technology
CSCO,Information Technology
GOOGL,Communication Services
META,Communication Services
TMUS,Communication Services
VZ,Communication Services
T,Communication Services
DIS,Communication Services
NFLX,Communication Services
CMCSA,Communication Services
CHTR,Communication Services
WBD,Communication Services
PLD,Real Estate
AMT,Real Estate
CCI,Real Estate
SPG,Real Estate
O,Real Estate
EQIX,Real Estate
PSA,Real Estate
WELL,Real Estate
VTR,Real Estate
AVB,Real Estate
-P-HIZ,
A,
AA,
AAA,
AAAU,
AACBR,
AACBU,
AACG,
AACI,
AACIU,
AACIW,
AADR,
AAL,
AALG,
AAM,
AAM-U,
AAM-WS,
AAME,
AAMI,
AAOI,
AAON,
AAP,
AAPB,
AAPD,
AAPG,
AAPGV,
AAPR,
AAPU,
AAPW,
AAPX,
AAPY,
AARD,
AAT,
AAUC,
AAUM,
AAVM,
AAXJ,
AB,
ABAT,
ABCB,
ABCL,
ABCS,
ABEO,
ABEQ,
ABEV,
ABFL,
ABG,
ABI,
ABL,
ABLD,
ABLG,
ABLLL,
ABLLW,
ABLV,
ABLVW,
ABM,
ABNB,
ABNY,
ABOS,
ABOT,
ABPWW,
ABR,
ABR-P-D,
ABR-P-E,
ABR-P-F,
ABSI,
ABST,
ABTS,
ABUS,
ABVC,
ABVE,
ABVEW,
ABVX,
ABXB,
ACA,
ACAD,
ACB,
ACCO,
ACCS,
ACDC,
ACEI,
ACEL,
ACES,
ACET,
ACGL,
ACGLN,
ACGLO,
ACGR,
ACHC,
ACHL,
ACHR,
ACHR-WS,
ACHV,
ACI,
ACIC,
ACIO,
ACIU,
ACIW,
ACKY,
ACLC,
ACLO,
ACLS,
ACLX,
ACM,
ACMR,
ACN,
ACNB,
ACNT,
ACOG,
ACON,
ACONW,
ACP,
ACP-P-A,
ACR,
ACR-P-C,
ACR-P-D,
ACRE,
ACRS,
ACRV,
ACSI,
ACST,
ACT,
ACTG,
ACTU,
ACTV,
ACU,
ACV,
ACVA,
ACVF,
ACVT,
ACWI,
ACWV,
ACWX,
ACXP,
AD,
ADAG,
ADAL,
ADALU,
ADALW,
ADAM,
ADAMG,
ADAMH,
ADAMI,
ADAML,
ADAMM,
ADAMN,
ADAMZ,
ADAP,
ADBG,
ADC,
ADC-P-A,
ADCT,
ADEA,
ADFI,
ADGM,
ADI,
ADIL,
ADIV,
ADM,
ADMA,
ADME,
ADN,
ADNT,
ADNWW,
ADOCR,
ADP,
ADPT,
ADPV,
ADSE,
ADSEW,
ADSK,
ADT,
ADTN,
ADTX,
ADUS,
ADV,
ADVB,
ADVE,
ADVM,
ADX,
ADXN,
AEBI,
AEBIV,
AEC,
AEE,
AEF,
AEFC,
AEG,
AEHA,
AEHL,
AEHR,
AEI,
AEIS,
AEM,
AEMD,
AEMS,
AENT,
AENTW,
AEO,
AEON,
AEON-WS,
AEPPZ,
AER,
AERT,
AERTW,
AES,
AESI,
AESR,
AETH,
AEVA,
AEVAW,
AEXA,
AEYE,
AFB,
AFBI,
AFCG,
AFG,
AFGB,
AFGC,
AFGD,
AFGE,
AFIF,
AFIX,
AFJK,
AFJKR,
AFJKU,
AFK,
AFL,
AFLG,
AFMC,
AFMD,
AFRI,
AFRIW,
AFRM,
AFRU,
AFSC,
AFSM,
AFT,
AFYA,
AG,
AGAE,
AGCO,
AGD,
AGEM,
AGEN,
AGFS,
AGG,
AGGA,
AGGH,
AGGS,
AGGY,
AGH,
AGI,
AGIO,
AGIQ,
AGIX,
AGL,
AGM,
AGM-A,
AGM-P-D,
AGM-P-E,
AGM-P-F,
AGM-P-G,
AGM-P-H,
AGMH,
AGMI,
AGNC,
AGNCL,
AGNCM,
AGNCN,
AGNCO,
AGNCP,
AGNG,
AGO,
AGOV,
AGOX,
AGQ,
AGRH,
AGRI,
AGRO,
AGRW,
AGRZ,
AGTC,
AGX,
AGYS,
AGZ,
AGZD,
AHCO,
AHG,
AHH,
AHH-P-A,
AHL,
AHL-P-D,
AHL-P-E,
AHLT,
AHR,
AHRNU,
AHT,
AHT-P-D,
AHT-P-F,
AHT-P-G,
AHT-P-H,
AHT-P-I,
AHYB,
AI,
AIA,
AIBD,
AIBU,
AIEQ,
AIF,
AIFD,
AIFE,
AIFER,
AIFF,
AIFU,
AIG,
AIHS,
AII,
AIIO,
AIIOW,
AILE,
AIMD,
AIMDW,
AIN,
AINP,
AIO,
AIOT,
AIP,
AIPI,
AIPO,
AIQ,
AIR,
AIRE,
AIRG,
AIRI,
AIRJ,
AIRJW,
AIRO,
AIRR,
AIRS,
AIRT,
AIRTP,
AISP,
AISPW,
AIT,
AIV,
AIVC,
AIVI,
AIVL,
AIXI,
AIZ,
AIZN,
AJAN,
AJG,
AJUL,
AJXA,
AKA,
AKAM,
AKAN,
AKBA,
AKO-A,
AKO-B,
AKR,
AKRO,
AKTX,
AKUS,
AKYA,
AL,
ALAB,
ALAI,
ALAR,
ALB,
ALBT,
ALC,
ALCO,
ALCY,
ALCYU,
ALCYW,
ALDF,
ALDFU,
ALDFW,
ALDX,
ALE,
ALEC,
ALEX,
ALF,
ALFUU,
ALFUW,
ALG,
ALGM,
ALGN,
ALGS,
ALGT,
ALHC,
ALIT,
ALK,
ALKS,
ALKSV,
ALKT,
ALL,
ALL-P-B,
ALL-P-H,
ALL-P-I,
ALL-P-J,
ALLE,
ALLG-WS,
ALLO,
ALLR,
ALLT,
ALLY,
ALMS,
ALNT,
ALNY,
ALOR,
ALORU,
ALORW,
ALOT,
ALPS,
ALRG,
ALRM,
ALRS,
ALSN,
ALT,
ALTG,
ALTG-P-A,
ALTI,
ALTIW,
ALTL,
ALTO,
ALTS,
ALTY,
ALUR,
ALUR-WS,
ALV,
ALVO,
ALVOW,
ALX,
ALXO,
ALYAF,
ALZN,
AM,
AMAL,
AMAO,
AMAOW,
AMAT,
AMAX,
AMBA,
AMBC,
AMBI,
AMBI-WS,
AMBO,
AMBP,
AMBP-WS,
AMBQ,
AMBR,
AMC,
AMCR,
AMCX,
AMDD,
AMDG,
AMDL,
AMDW,
AMDY,
AME,
AMEH,
AMG,
AMGN,
AMH,
AMH-P-G,
AMH-P-H,
AMID,
AMIX,
AMJB,
AMKR,
AMLP,
AMLX,
AMN,
AMOD,
AMODW,
AMOM,
AMP,
AMPG,
AMPGW,
AMPH,
AMPL,
AMPX,
AMPX-WS,
AMPY,
AMR,
AMRC,
AMRK,
AMRN,
AMRS,
AMRX,
AMRZ,
AMS,
AMSC,
AMSF,
AMST,
AMTB,
AMTD,
AMTM,
AMTM-W,
AMTX,
AMUB,
AMUU,
AMWD,
AMWL,
AMX,
AMYY,
AMZA,
AMZD,
AMZE,
AMZP,
AMZU,
AMZW,
AMZY,
AMZZ,
AN,
ANAB,
ANDE,
ANEB,
ANEL,
ANET,
ANEW,
ANF,
ANG-P-B,
ANGH,
ANGHW,
ANGI,
ANGIV,
ANGL,
ANGO,
ANGX,
ANIK,
ANIP,
ANIX,
ANL,
ANNA,
ANNAW,
ANNX,
ANPA,
ANRO,
ANSC,
ANSCU,
ANSCW,
ANSS,
ANTA,
ANTE,
ANTX,
ANVS,
ANY,
AOA,
AOCT,
AOD,
AOHY,
AOK,
AOM,
AOMD,
AOMN,
AOMR,
AON,
AONCW,
AOR,
AORT,
AOS,
AOSL,
AOTG,
AOUT,
AP,
AP-WS,
APA,
APACU,
APAD,
APADR,
APADU,
APAM,
APCB,
APCXW,
APDN,
APED,
APEI,
APG,
APGB,
APGB-U,
APGB-WS,
APGE,
APH,
API,
APIE,
APLD,
APLE,
APLM,
APLMW,
APLS,
APLT,
APLU,
APLX,
APLY,
APM,
APMIU,
APMU,
APO,
APO-P-A,
APOC,
APOG,
APOS,
APP,
APPF,
APPN,
APPS,
APPX,
APRD,
APRE,
APRH,
APRJ,
APRN,
APRP,
APRQ,
APRT,
APRW,
APRZ,
APT,
APTV,
APUE,
APUS,
APVO,
APWC,
APYX,
AQB,
AQMS,
AQN,
AQNA,
AQNB,
AQST,
AQWA,
AR,
ARAI,
ARAY,
ARB,
ARBB,
ARBE,
ARBEW,
ARBGU,
ARBK,
ARBKL,
ARCB,
ARCC,
ARCK,
ARCKU,
ARCKW,
ARCM,
ARCO,
ARCT,
ARCX,
ARDC,
ARDT,
ARDX,
ARE,
AREA,
AREB,
AREBW,
AREC,
AREN,
ARES,
ARGO,
ARGT,
ARGU,
ARGUU,
ARGUW,
ARGX,
ARHS,
ARI,
ARIS,
ARKB,
ARKF,
ARKG,
ARKK,
ARKO,
ARKQ,
ARKR,
ARKW,
ARKX,
ARL,
ARLO,
ARLP,
ARLU,
ARM,
ARMG,
ARMK,
ARMK-W,
ARMN,
ARMP,
ARMU,
AROC,
AROW,
ARP,
ARQ,
ARQQ,
ARQQW,
ARQT,
ARR,
ARR-P-C,
ARRY,
ARTE,
ARTEU,
ARTL,
ARTNA,
ARTV,
ARTW,
ARTY,
ARVN,
ARVR,
ARW,
ARWR,
ARX,
AS,
ASA,
ASAN,
ASB,
ASB-P-E,
ASB-P-F,
ASBA,
ASBP,
ASBPW,
ASC,
ASCE,
ASEA,
ASET,
ASG,
ASGI,
ASGM,
ASGN,
ASH,
ASHR,
ASHS,
ASIA,
ASIC,
ASIX,
ASLE,
ASLV,
ASM,
ASMB,
ASMF,
ASMG,
ASML,
ASND,
ASNS,
ASO,
ASPC,
ASPCR,
ASPCU,
ASPI,
ASPN,
ASPS,
ASPSW,
ASPSZ,
ASPY,
ASR,
ASRT,
ASRV,
ASST,
ASTC,
ASTE,
ASTH,
ASTI,
ASTL,
ASTLW,
ASTS,
ASTX,
ASUR,
ASX,
ASYS,
ATAI,
ATAT,
ATCH,
ATCO-P-D,
ATCO-P-H,
ATCOL,
ATEC,
ATEN,
ATER,
ATEST,
ATEST-A,
ATEST-B,
ATEST-C,
ATEST-G,
ATEST-H,
ATEST-L,
ATEX,
ATFV,
ATGE,
ATGL,
ATH-P-A,
ATH-P-D,
ATH-P-E,
ATHA,
ATHE,
ATHM,
ATHR,
ATHS,
ATI,
ATIF,
ATII,
ATIIU,
ATIIW,
ATKR,
ATLC,
ATLCL,
ATLCP,
ATLCZ,
ATLN,
ATLO,
ATMC,
ATMCR,
ATMCU,
ATMCW,
ATMP,
ATMU,
ATMV,
ATMVR,
ATMVU,
ATNI,
ATNM,
ATO,
ATOM,
ATON,
ATOS,
ATPC,
ATR,
ATRA,
ATRC,
ATRO,
ATS,
ATUS,
ATXG,
ATXS,
ATYR,
AU,
AUB,
AUB-P-A,
AUBN,
AUDC,
AUGM,
AUGP,
AUGT,
AUGU,
AUGW,
AUGZ,
AUID,
AULT,
AULT-P-D,
AUMI,
AUNA,
AUPH,
AUR,
AURA,
AURC,
AUROW,
AUSF,
AUSM,
AUST,
AUTL,
AUUD,
AUUDW,
AVA,
AVACU,
AVAH,
AVAL,
AVAV,
AVBC,
AVBP,
AVD,
AVDE,
AVDL,
AVDS,
AVDV,
AVDX,
AVEE,
AVEM,
AVES,
AVGE,
AVGV,
AVGW,
AVGX,
AVIE,
AVIG,
AVIR,
AVIV,
AVK,
AVK-R,
AVK-R-W,
AVL,
AVLC,
AVLV,
AVMA,
AVMC,
AVMU,
AVNM,
AVNS,
AVNT,
AVNV,
AVNW,
AVO,
AVPT,
AVR,
AVRE,
AVRO,
AVS,
AVSC,
AVSD,
AVSE,
AVSF,
AVSU,
AVT,
AVTR,
AVTX,
AVUS,
AVUV,
AVXC,
AVXL,
AVY,
AWAY,
AWEG,
AWF,
AWI,
AWK,
AWP,
AWR,
AWRE,
AWX,
AX,
AXAC-R,
AXGN,
AXIN,
AXINR,
AXINU,
AXL,
AXNX,
AXON,
AXR,
AXS,
AXS-P-E,
AXSM,
AXTA,
AXTI,
AXUP,
AYI,
AYTU,
AZ,
AZI,
AZN,
AZO,
AZTA,
AZTD,
AZTR,
AZYY,
AZZ,
B,
BAB,
BABA,
BABO,
BABX,
BAC-P-B,
BAC-P-E,
BAC-P-K,
BAC-P-L,
BAC-P-M,
BAC-P-N,
BAC-P-O,
BAC-P-P,
BAC-P-Q,
BAC-P-S,
BACC,
BACCR,
BACCU,
BACQ,
BACQR,
BACQU,
BAD,
BAER,
BAERW,
BAFE,
BAFN,
BAH,
BAI,
BAIG,
BAK,
BALI,
BALL,
BALT,
BALY,
BALY-T,
BAM,
BAMA,
BAMB,
BAMD,
BAMG,
BAMO,
BAMU,
BAMV,
BAMY,
BANC,
BANC-P-F,
BAND,
BANF,
BANFP,
BANL,
BANR,
BANX,
BAOS,
BAP,
BAPR,
BAR,
BARK,
BARK-WS,
BASE,
BATL,
BATRA,
BATRK,
BATT,
BAUG,
BAX,
BAYA,
BAYAR,
BAYAU,
BB,
BBAG,
BBAI,
BBAI-WS,
BBAR,
BBAX,
BBB,
BBBI,
BBBL,
BBBS,
BBBY,
BBC,
BBCA,
BBCB,
BBCP,
BBD,
BBDC,
BBDO,
BBEM,
BBEU,
BBGI,
BBH,
BBHY,
BBIB,
BBIN,
BBIO,
BBJP,
BBLB,
BBLG,
BBLGW,
BBLN,
BBLU,
BBMC,
BBN,
BBNX,
BBOT,
BBP,
BBRE,
BBSB,
BBSC,
BBSI,
BBT,
BBU,
BBUC,
BBUS,
BBVA,
BBW,
BBWI,
BBY,
BC,
BC/PA,
BC/PB,
BC/PC,
BCAB,
BCAL,
BCAR,
BCARU,
BCARW,
BCAT,
BCAX,
BCBP,
BCC,
BCD,
BCDA,
BCDF,
BCE,
BCG,
BCGWW,
BCH,
BCHI,
BCHP,
BCI,
BCIC,
BCIL,
BCIM,
BCKT,
BCLI,
BCLO,
BCM,
BCML,
BCO,
BCOR,
BCPC,
BCRX,
BCS,
BCSF,
BCSS-U,
BCTX,
BCTXW,
BCTXZ,
BCUS,
BCV,
BCV-P-A,
BCX,
BCYC,
BDC,
BDCIU,
BDCX,
BDCZ,
BDEC,
BDGS,
BDIV,
BDJ,
BDL,
BDMD,
BDMDW,
BDN,
BDRX,
BDRY,
BDSX,
BDTX,
BDVG,
BDVL,
BDX,
BDYN,
BE,
BEAG,
BEAGR,
BEAGU,
BEAM,
BEAT,
BEATW,
BEDU,
BEDZ,
BEEM,
BEEP,
BEEX,
BEEZ,
BEGS,
BEKE,
BELFA,
BELFB,
BELT,
BEMB,
BEN,
BENF,
BENFW,
BENJ,
BEP,
BEP-P-A,
BEPC,
BEPH,
BEPI,
BEPJ,
BERZ,
BETE,
BETH,
BETR,
BETRW,
BETZ,
BF-A,
BF-B,
BFAM,
BFC,
BFEB,
BFH,
BFIN,
BFIX,
BFJL,
BFK,
BFLY,
BFLY-WS,
BFOC,
BFOR,
BFRG,
BFRGW,
BFRI,
BFRIW,
BFRZ,
BFS,
BFS-P-D,
BFS-P-E,
BFST,
BFTR,
BFX,
BFZ,
BG,
BGB,
BGC,
BGFV,
BGH,
BGI,
BGIG,
BGLC,
BGLD,
BGLWW,
BGM,
BGMS,
BGMSP,
BGR,
BGRN,
BGRO,
BGRY,
BGRYW,
BGS,
BGSF,
BGT,
BGX,
BGY,
BH,
BH-A,
BHAT,
BHB,
BHC,
BHE,
BHF,
BHFAL,
BHFAM,
BHFAN,
BHFAO,
BHFAP,
BHIL-WS,
BHK,
BHK-R,
BHK-R-W,
BHM,
BHP,
BHR,
BHR-P-B,
BHR-P-D,
BHRB,
BHV,
BHVN,
BHYB,
BIAF,
BIAFW,
BIB,
BIBL,
BIDD,
BIDU,
BIGY,
BIIB,
BIL,
BILD,
BILI,
BILL,
BILS,
BILT,
BILZ,
BINC,
BINI,
BINV,
BIO,
BIO-B,
BIOA,
BIOSU,
BIOX,
BIP,
BIP-P-A,
BIP-P-B,
BIPC,
BIPH,
BIPI,
BIPJ,
BIRD,
BIRK,
BIS,
BIT,
BIT-R,
BIT-R-W,
BITB,
BITC,
BITF,
BITI,
BITK,
BITO,
BITQ,
BITS,
BITU,
BITX,
BIV,
BIVI,
BIVIW,
BIYA,
BIZD,
BJ,
BJAN,
BJDX,
BJK,
BJRI,
BJUL,
BJUN,
BKAG,
BKCH,
BKCI,
BKD,
BKDV,
BKE,
BKEM,
BKF,
BKGI,
BKH,
BKHA,
BKHAR,
BKHAU,
BKHY,
BKIE,
BKKT,
BKKT-WS,
BKLC,
BKLN,
BKMC,
BKN,
BKNU,
BKR,
BKSB,
BKSE,
BKSY,
BKSY-WS,
BKT,
BKT-R,
BKT-R-W,
BKTI,
BKU,
BKUI,
BKV,
BKYI,
BL,
BLBD,
BLBX,
BLCN,
BLCO,
BLCR,
BLCV,
BLD,
BLDE,
BLDEW,
BLDG,
BLDP,
BLDR,
BLE,
BLES,
BLFS,
BLFY,
BLHY,
BLIN,
BLIV,
BLKB,
BLKC,
BLMN,
BLMZ,
BLND,
BLNE,
BLNK,
BLOK,
BLOX,
BLRX,
BLSH,
BLTE,
BLUW,
BLUWU,
BLV,
BLW,
BLX,
BLZE,
BLZRU,
BMA,
BMAC,
BMAC-U,
BMAC-WS,
BMAQU,
BMAR,
BMAX,
BMAY,
BMBL,
BMDL,
BME,
BMEA,
BMED,
BMEZ,
BMGL,
BMHL,
BMI,
BML-P-G,
BML-P-H,
BML-P-J,
BML-P-L,
BMN,
BMNR,
BMNU,
BMO,
BMR,
BMRA,
BMRC,
BMRN,
BMTX-WS,
BMVP,
BN,
BN-W,
BNAI,
BNAIW,
BNC,
BNCWW,
BND,
BNDC,
BNDD,
BNDI,
BNDS,
BNDW,
BNDX,
BNDY,
BNED,
BNGE,
BNGO,
BNH,
BNJ,
BNKD,
BNKU,
BNL,
BNO,
BNOV,
BNR,
BNRE-A,
BNRG,
BNS,
BNT,
BNTC,
BNTX,
BNY,
BNZI,
BNZIW,
BOAC,
BOAC-U,
BOAC-WS,
BOAT,
BOB,
BOC,
BOCT,
BODI,
BOE,
BOED,
BOEG,
BOEU,
BOF,
BOH,
BOH-P-A,
BOIL,
BOKF,
BOLD,
BOLT,
BON,
BOND,
BOOM,
BOOT,
BORR,
BOSC,
BOSS,
BOTJ,
BOTT,
BOTZ,
BOUT,
BOW,
BOWN,
BOWNR,
BOWNU,
BOX,
BOXL,
BOXX,
BP,
BPAY,
BPMC,
BPOP,
BPOPM,
BPRN,
BPYPM,
BPYPN,
BPYPO,
BPYPP,
BQ,
BR,
BRAG,
BRAZ,
BRBI,
BRBR,
BRBS,
BRC,
BRCB,
BRCC,
BREA,
BRF,
BRFH,
BRHY,
BRIA,
BRID,
BRIF,
BRK-A,
BRK-B,
BRKC,
BRKD,
BRKR,
BRKU,
BRKW,
BRLI,
BRLIR,
BRLIU,
BRLIW,
BRLN,
BRLS,
BRLSW,
BRLT,
BRN,
BRNS,
BRNY,
BRO,
BROG,
BROS,
BRR,
BRRR,
BRRWU,
BRRWW,
BRSL,
BRSP,
BRT,
BRTR,
BRTX,
BRW,
BRX,
BRY,
BRZE,
BRZU,
BSAA,
BSAAR,
BSAAU,
BSAC,
BSBK,
BSBR,
BSCP,
BSCQ,
BSCR,
BSCS,
BSCT,
BSCU,
BSCV,
BSCW,
BSCX,
BSCY,
BSCZ,
BSEA,
BSEP,
BSET,
BSJP,
BSJQ,
BSJR,
BSJS,
BSJT,
BSJU,
BSJV,
BSJW,
BSJX,
BSL,
BSLK,
BSLKW,
BSM,
BSMC,
BSMP,
BSMQ,
BSMR,
BSMS,
BSMT,
BSMU,
BSMV,
BSMW,
BSMY,
BSMZ,
BSR,
BSRR,
BSSX,
BST,
BSTP,
BSTZ,
BSV,
BSVN,
BSVO,
BSX,
BSY,
BTA,
BTAI,
BTAL,
BTBD,
BTBDW,
BTBT,
BTC,
BTCC,
BTCI,
BTCL,
BTCM,
BTCO,
BTCS,
BTCT,
BTCW,
BTCZ,
BTDR,
BTE,
BTF,
BTFX,
BTG,
BTGD,
BTI,
BTM,
BTMD,
BTMDW,
BTMWW,
BTO,
BTOC,
BTOG,
BTR,
BTRN,
BTSG,
BTSGU,
BTT,
BTTC,
BTU,
BTX,
BTZ,
BUCK,
BUD,
BUFB,
BUFC,
BUFD,
BUFF,
BUFG,
BUFH,
BUFP,
BUFQ,
BUFR,
BUFS,
BUFT,
BUFX,
BUFY,
BUFZ,
BUG,
BUI,
BUJA,
BUL,
BULD,
BULG,
BULL,
BULLW,
BULLZ,
BULU,
BULX,
BULZ,
BUR,
BURL,
BURU,
BUSA,
BUSE,
BUSEP,
BUUU,
BUXX,
BUYO,
BUYW,
BUYZ,
BUZZ,
BV,
BVAL,
BVFL,
BVN,
BVS,
BW,
BW-P-A,
BWA,
BWA-W,
BWAY,
BWB,
BWBBP,
BWCAU,
BWEB,
BWEN,
BWET,
BWFG,
BWG,
BWIN,
BWLP,
BWMN,
BWMX,
BWNB,
BWSN,
BWTG,
BWX,
BWXT,
BWZ,
BX,
BXC,
BXMT,
BXMX,
BXP,
BXSL,
BY,
BYD,
BYFC,
BYLD,
BYM,
BYND,
BYRE,
BYRN,
BYSI,
BYTE,
BZ,
BZAI,
BZAIW,
BZFD,
BZFDW,
BZH,
BZQ,
BZUN,
C-P-K,
C-P-N,
CA,
CAAA,
CAAP,
CAAS,
CABA,
CABO,
CAC,
CACC,
CACI,
CADE,
CADE-P-A,
CADL,
CAE,
CAEP,
CAF,
CAFG,
CAFX,
CAG,
CAH,
CAI,
CAKE,
CAL,
CALC,
CALF,
CALI,
CALM,
CALX,
CAML,
CAMP,
CAMT,
CAMX,
CAN,
CANC,
CANE,
CANF,
CANG,
CANQ,
CAOS,
CAPE,
CAPL,
CAPN,
CAPNR,
CAPNU,
CAPR,
CAPS,
CAPT,
CAPTW,
CAR,
CARD,
CARE,
CARG,
CARK,
CARL,
CARM,
CARR,
CARS,
CART,
CARU,
CARV,
CARZ,
CASH,
CASI,
CASS,
CASY,
CATF,
CATH,
CATO,
CATX,
CATY,
CAUD,
CAVA,
CB,
CBAN,
CBAT,
CBFV,
CBH,
CBIO,
CBK,
CBL,
CBLL,
CBLS,
CBNA,
CBNK,
CBO,
CBOA,
CBOE,
CBOJ,
CBON,
CBOY,
CBRE,
CBRL,
CBSE,
CBSH,
CBT,
CBTA,
CBTJ,
CBTY,
CBU,
CBUS,
CBX,
CBXA,
CBXJ,
CBXY,
CBZ,
CC,
CCAIU,
CCAP,
CCB,
CCBG,
CCCC,
CCCM,
CCCMU,
CCCMW,
CCCS,
CCCX,
CCCXU,
CCCXW,
CCD,
CCEC,
CCEF,
CCEL,
CCEP,
CCF,
CCG,
CCGWW,
CCIA,
CCIF,
CCII,
CCIIU,
CCIIW,
CCIR,
CCIRW,
CCIX,
CCIXU,
CCIXW,
CCJ,
CCK,
CCL,
CCLD,
CCLDO,
CCM,
CCMG,
CCNE,
CCNEP,
CCNR,
CCO,
CCOI,
CCOR,
CCRD,
CCRN,
CCS,
CCSB,
CCSI,
CCSO,
CCTG,
CCU,
CCUP,
CCV,
CCV-U,
CCV-WS,
CCZ,
CDC,
CDE,
CDIO,
CDIOW,
CDL,
CDLR,
CDLR-W,
CDLX,
CDMO,
CDNA,
CDNS,
CDP,
CDR-P-B,
CDR-P-C,
CDRE,
CDRO,
CDROW,
CDT,
CDTG,
CDTTW,
CDTX,
CDW,
CDX,
CDXS,
CDZI,
CDZIP,
CE,
CECO,
CEE,
CEF,
CEFA,
CEFD,
CEFS,
CEFZ,
CEG,
CELC,
CELG-R,
CELH,
CELU,
CELUW,
CELZ,
CEM,
CEMB,
CEN,
CENN,
CENT,
CENTA,
CENX,
CEP,
CEPF,
CEPI,
CEPO,
CEPT,
CEPU,
CEQP-P,
CERO,
CEROW,
CERS,
CERT,
CERY,
CET,
CETX,
CETY,
CEV,
CEVA,
CEW,
CF,
CFA,
CFB,
CFBK,
CFFI,
CFFN,
CFG,
CFG-P-E,
CFG-P-I,
CFLT,
CFMS,
CFND,
CFO,
CFR,
CFR-P-B,
CFSB,
CG,
CGABL,
CGAU,
CGBD,
CGBDL,
CGBL,
CGBS,
CGBSW,
CGC,
CGCB,
CGCP,
CGCT,
CGCTU,
CGCTW,
CGCV,
CGDG,
CGDV,
CGEM,
CGEN,
CGGE,
CGGO,
CGGR,
CGHM,
CGIB,
CGIC,
CGIE,
CGMM,
CGMS,
CGMU,
CGNG,
CGNT,
CGNX,
CGO,
CGON,
CGRO,
CGSD,
CGSM,
CGTL,
CGTX,
CGUI,
CGUS,
CGV,
CGW,
CGXU,
CHA,
CHAC,
CHACR,
CHACU,
CHAR,
CHARR,
CHARU,
CHAT,
CHAU,
CHCI,
CHCO,
CHCT,
CHD,
CHDN,
CHE,
CHEB-U,
CHECU,
CHEF,
CHEK,
CHGG,
CHGX,
CHH,
CHI,
CHIQ,
CHKP,
CHMG,
CHMI,
CHMI-P-A,
CHMI-P-B,
CHN,
CHNR,
CHOW,
CHPG,
CHPGR,
CHPGU,
CHPS,
CHPT,
CHPX,
CHR,
CHRD,
CHRS,
CHRW,
CHSCL,
CHSCM,
CHSCN,
CHSCO,
CHSCP,
CHSN,
CHT,
CHW,
CHWY,
CHY,
CHYM,
CI,
CIA,
CIB,
CIBR,
CICB,
CIEN,
CIF,
CIFR,
CIFRW,
CIG,
CIG-C,
CIGI,
CIGL,
CIH,
CII,
CIIGU,
CIK,
CIL,
CIM,
CIM-P-A,
CIM-P-B,
CIM-P-C,
CIM-P-D,
CIMN,
CIMO,
CIMP,
CINF,
CING,
CINGW,
CINT,
CIO,
CIO-P-A,
CION,
CISO,
CISS,
CISSV,
CIVB,
CIVI,
CIX,
CJET,
CJMB,
CKX,
CLAR,
CLB,
CLBK,
CLBR,
CLBR-U,
CLBR-WS,
CLBT,
CLCG,
CLCO,
CLCV,
CLDI,
CLDI-WS,
CLDL,
CLDT,
CLDT-P-A,
CLDX,
CLF,
CLFD,
CLGN,
CLH,
CLIK,
CLINW,
CLIP,
CLIR,
CLIX,
CLLS,
CLM,
CLMB,
CLMT,
CLNE,
CLNN,
CLNNW,
CLOA,
CLOB,
CLOD,
CLOI,
CLOU,
CLOV,
CLOX,
CLOZ,
CLPR,
CLPS,
CLPT,
CLRB,
CLRO,
CLS,
CLSA,
CLSC,
CLSD,
CLSE,
CLSK,
CLSKW,
CLSM,
CLST,
CLSX,
CLVS,
CLVT,
CLW,
CLWT,
CLX,
CLXT,
CLYM,
CM,
CMA,
CMBM,
CMBS,
CMBT,
CMC,
CMCI,
CMCL,
CMCM,
CMCO,
CMCT,
CMDB,
CMDB-W,
CMDT,
CMDY,
CME,
CMF,
CMG,
CMI,
CMMB,
CMND,
CMP,
CMPO,
CMPOV,
CMPOW,
CMPR,
CMPS,
CMPX,
CMRC,
CMRE,
CMRE-P-B,
CMRE-P-C,
CMRE-P-D,
CMRE-W,
CMRX,
CMS,
CMS-P-B,
CMS-P-C,
CMSA,
CMSC,
CMSD,
CMT,
CMTG,
CMTL,
CMU,
CNA,
CNAV,
CNBS,
CNC,
CNCKW,
CNDT,
CNEQ,
CNET,
CNEY,
CNF,
CNFRL,
CNH,
CNI,
CNK,
CNM,
CNMD,
CNNE,
CNO,
CNO-P-A,
CNOB,
CNOBP,
CNP,
CNQ,
CNQQ,
CNR,
CNRG,
CNS,
CNSP,
CNTA,
CNTB,
CNTX,
CNTY,
CNVS,
CNX,
CNXC,
CNXN,
CNXT,
CNYA,
COAL,
COCH,
COCHW,
COCO,
COCP,
CODA,
CODI,
CODI-P-A,
CODI-P-B,
CODI-P-C,
CODX,
COE,
COEP,
COEPW,
COF,
COF-P-I,
COF-P-J,
COF-P-K,
COF-P-L,
COF-P-N,
COFS,
COGT,
COHN,
COHR,
COHU,
COIA,
COIG,
COII,
COIN,
COIO,
COIW,
COKE,
COLA,
COLAR,
COLAU,
COLB,
COLD,
COLL,
COLM,
COLO,
COM,
COMB,
COMM,
COMP,
COMT,
CON,
CON-W,
CONI,
CONL,
CONY,
COO,
COOK,
COOP,
COOT,
COOTW,
COPA,
COPJ,
COPL-U,
COPL-WS,
COPP,
COPX,
COR,
CORD,
CORN,
CORO,
CORP,
CORT,
CORZ,
CORZW,
CORZZ,
COSM,
COTG,
COTY,
COUR,
COWG,
COWNL,
COWS,
COWZ,
COYA,
COYY,
CP,
CPA,
CPAA,
CPAAU,
CPAAW,
CPAC,
CPAG,
CPARU,
CPAY,
CPB,
CPBI,
CPER,
CPF,
CPHC,
CPHI,
CPHY,
CPII,
CPIX,
CPK,
CPLB,
CPLP,
CPLS,
CPNG,
CPNJ,
CPNQ,
CPNS,
CPOP,
CPRA,
CPRI,
CPRJ,
CPRO,
CPRT,
CPRX,
CPS,
CPSA,
CPSD,
CPSH,
CPSJ,
CPSL,
CPSM,
CPSO,
CPSP,
CPSR,
CPSS,
CPST,
CPSU,
CPSY,
CPT,
CPTK,
CPTK-U,
CPXR,
CPZ,
CQP,
CQQQ,
CR,
CR-W,
CRACU,
CRAI,
CRAK,
CRAQ,
CRAQR,
CRBD,
CRBG,
CRBN,
CRBP,
CRBU,
CRC,
CRCA,
CRCD,
CRCG,
CRCL,
CRCT,
CRD-A,
CRD-B,
CRDF,
CRDL,
CRDO,
CRDT,
CRDU,
CRE,
CRED,
CREG,
CRESW,
CRESY,
CREV,
CREVW,
CREX,
CRF,
CRGO,
CRGOW,
CRGX,
CRGY,
CRH,
CRHC-U,
CRI,
CRIS,
CRK,
CRL,
CRMD,
CRMG,
CRML,
CRMLW,
CRMT,
CRNC,
CRNT,
CRNX,
CRON,
CROX,
CRPT,
CRS,
CRSH,
CRSP,
CRSR,
CRT,
CRTO,
CRUS,
CRVL,
CRVO,
CRVS,
CRWD,
CRWL,
CRWS,
CRWU,
CRWV,
CSAI,
CSAN,
CSB,
CSBR,
CSCL,
CSCS,
CSD,
CSGP,
CSGS,
CSHI,
CSHP,
CSIQ,
CSL,
CSLMF,
CSM,
CSMD,
CSNR,
CSPF,
CSPI,
CSQ,
CSR,
CSRE,
CSTA,
CSTA-U,
CSTA-WS,
CSTE,
CSTK,
CSTL,
CSTM,
CSV,
CSW,
CSWC,
CSWCZ,
CSX,
CTA,
CTA-P-A,
CTA-P-B,
CTAS,
CTBB,
CTBI,
CTCXW,
CTDD,
CTEC,
CTEST,
CTEV,
CTEX,
CTGO,
CTKB,
CTLP,
CTM,
CTMX,
CTNM,
CTNT,
CTO,
CTO-P-A,
CTOR,
CTOS,
CTR,
CTRA,
CTRE,
CTRI,
CTRM,
CTRMV,
CTRN,
CTS,
CTSH,
CTSO,
CTVA,
CTW,
CTWO,
CTXR,
CUB,
CUBA,
CUBB,
CUBE,
CUBI,
CUBI-P-F,
CUBS,
CUBT,
CUBWU,
CUBWW,
CUE,
CUK,
CULP,
CUPR,
CURB,
CURB-W,
CURE,
CURI,
CURIW,
CURR,
CURV,
CURX,
CUT,
CUZ,
CV,
CVAC,
CVAR,
CVBF,
CVCO,
CVE,
CVE-WS,
CVEO,
CVGI,
CVGW,
CVI,
CVIE,
CVII,
CVIIU,
CVIIW,
CVKD,
CVLC,
CVLG,
CVLT,
CVM,
CVMC,
CVNA,
CVNY,
CVR,
CVRD,
CVRT,
CVRX,
CVSB,
CVSE,
CVU,
CVV,
CVY,
CW,
CWAN,
CWB,
CWBC,
CWCO,
CWD,
CWEB,
CWEN,
CWEN-A,
CWH,
CWI,
CWK,
CWS,
CWST,
CWT,
CWVX,
CX,
CXAI,
CXAIW,
CXDO,
CXE,
CXH,
CXM,
CXSE,
CXT,
CXT-W,
CXW,
CYBN,
CYBR,
CYCN,
CYCUW,
CYD,
CYH,
CYN,
CYRX,
CYTK,
CZA,
CZAR,
CZFS,
CZNC,
CZR,
CZWI,
DAAQ,
DAAQU,
DAAQW,
DAC,
DAIC,
DAICW,
DAIO,
DAKT,
DAL,
DALI,
DALN,
DAN,
DAO,
DAPP,
DAPR,
DAR,
DARE,
DARP,
DASH,
DAT,
DAUG,
DAVA,
DAVE,
DAVEW,
DAWN,
DAX,
DAY,
DB,
DBA,
DBAW,
DBB,
DBC,
DBE,
DBEF,
DBEH,
DBEM,
DBEU,
DBEZ,
DBGI,
DBGIW,
DBI,
DBJP,
DBL,
DBMF,
DBND,
DBO,
DBP,
DBRG,
DBRG-P-H,
DBRG-P-I,
DBRG-P-J,
DBTX,
DBVT,
DBX,
DC,
DC-WS,
DCBO,
DCF,
DCGO,
DCI,
DCMT,
DCO,
DCOM,
DCOMG,
DCOMP,
DCOR,
DCPH,
DCRE,
DCTH,
DD,
DDC,
DDD,
DDEC,
DDF,
DDFL,
DDFO,
DDFS,
DDI,
DDIV,
DDL,
DDLS,
DDM,
DDOG,
DDS,
DDT,
DDTL,
DDTO,
DDTS,
DDWM,
DEA,
DEC,
DECK,
DECO,
DECP,
DECT,
DECU,
DECW,
DECZ,
DEED,
DEEF,
DEEP,
DEFI,
DEFR,
DEFT,
DEHP,
DEI,
DELL,
DEM,
DEMZ,
DENN,
DEO,
DERM,
DES,
DESK,
DESP,
DEUS,
DEVS,
DEW,
DEX,
DFAC,
DFAE,
DFAI,
DFAR,
DFAS,
DFAT,
DFAU,
DFAW,
DFAX,
DFCA,
DFCF,
DFDV,
DFE,
DFEB,
DFEM,
DFEN,
DFEV,
DFFN,
DFGP,
DFGR,
DFGX,
DFH,
DFIC,
DFIN,
DFIP,
DFIS,
DFIV,
DFJ,
DFLI,
DFLIW,
DFLV,
DFND,
DFNL,
DFNM,
DFP,
DFSB,
DFSC,
DFSCW,
DFSD,
DFSE,
DFSI,
DFSU,
DFSV,
DFUS,
DFUV,
DFVE,
DFVX,
DG,
DGCB,
DGHI,
DGICA,
DGICB,
DGII,
DGIN,
DGLO,
DGLY,
DGNU,
DGNX,
DGP,
DGRE,
DGRO,
DGRS,
DGRW,
DGS,
DGT,
DGX,
DGXX,
DGZ,
DH,
DHAI,
DHAIW,
DHC,
DHCA,
DHCNI,
DHCNL,
DHDG,
DHF,
DHI,
DHIL,
DHLX,
DHR,
DHS,
DHT,
DHX,
DHY,
DIA,
DIAL,
DIAX,
DIBS,
DICE,
DIEM,
DIG,
DIHP,
DIM,
DIN,
DINO,
DINT,
DIOD,
DIPS,
DISO,
DISTU,
DISV,
DIT,
DIV,
DIVB,
DIVD,
DIVG,
DIVI,
DIVL,
DIVN,
DIVO,
DIVP,
DIVS,
DIVY,
DIVZ,
DJAN,
DJCO,
DJD,
DJIA,
DJP,
DJT,
DJTU,
DJTWW,
DJUL,
DJUN,
DK,
DKI,
DKL,
DKNG,
DKS,
DKUP,
DLAG,
DLB,
DLCAU,
DLHC,
DLLL,
DLN,
DLNG,
DLNG-P-A,
DLNG-P-B,
DLO,
DLPN,
DLR,
DLR-P-J,
DLR-P-K,
DLR-P-L,
DLS,
DLTH,
DLTR,
DLX,
DLXY,
DLY,
DM,
DMA,
DMAA,
DMAAR,
DMAAU,
DMAC,
DMAR,
DMAT,
DMAY,
DMB,
DMBS,
DMCY,
DMF,
DMIIU,
DMLP,
DMO,
DMRC,
DMX,
DMXF,
DNA,
DNAB,
DNAD,
DNL,
DNLI,
DNN,
DNOV,
DNOW,
DNP,
DNTH,
DNUT,
DOC,
DOCN,
DOCS,
DOCT,
DOCU,
DOG,
DOGD,
DOGG,
DOGZ,
DOJE,
DOL,
DOLE,
DOMH,
DOMO,
DON,
DOOO,
DORM,
DOUG,
DOV,
DOX,
DOYU,
DPG,
DPK,
DPRO,
DPST,
DPZ,
DQ,
DRAI,
DRAY,
DRCT,
DRD,
DRDB,
DRDBU,
DRDBW,
DRH,
DRH-P-A,
DRI,
DRIO,
DRIP,
DRIV,
DRLL,
DRMA,
DRMAW,
DRN,
DRS,
DRSK,
DRTS,
DRTSW,
DRUG,
DRUP,
DRV,
DRVN,
DSAQ-U,
DSCF,
DSEP,
DSGN,
DSGR,
DSGX,
DSI,
DSKE,
DSL,
DSM,
DSMC,
DSP,
DSPY,
DSS,
DSTL,
DSTX,
DSU,
DSWL,
DSX,
DSX-P-B,
DSX-WS,
DSY,
DSYWW,
DT,
DTAN,
DTB,
DTCK,
DTCR,
DTD,
DTE,
DTEC,
DTF,
DTG,
DTH,
DTIL,
DTK,
DTM,
DTRE,
DTSQ,
DTSQR,
DTSQU,
DTSS,
DTST,
DTSTW,
DTW,
DUBS,
DUDE,
DUET,
DUETU,
DUETW,
DUG,
DUHP,
DUK-P-A,
DUKB,
DUKH,
DUKQ,
DUKX,
DUKZ,
DULL,
DUNK,
DUO,
DUOL,
DUOT,
DURA,
DUSA,
DUSB,
DUSL,
DUST,
DV,
DVA,
DVAL,
DVAX,
DVDN,
DVIN,
DVLT,
DVLU,
DVND,
DVOL,
DVQQ,
DVRE,
DVS,
DVSP,
DVUT,
DVXB,
DVXC,
DVXE,
DVXF,
DVXK,
DVXP,
DVXV,
DVXY,
DVY,
DVYA,
DVYE,
DWAS,
DWAW,
DWCR,
DWLD,
DWM,
DWMF,
DWSH,
DWSN,
DWTX,
DWUS,
DWX,
DX,
DX-P-C,
DXC,
DXCM,
DXD,
DXF,
DXIV,
DXJ,
DXLG,
DXPE,
DXR,
DXST,
DXUV,
DXYZ,
DY,
DYAI,
DYCQ,
DYCQR,
DYCQU,
DYFI,
DYLD,
DYLG,
DYN,
DYNB,
DYNF,
DYNI,
DYNX,
DYNXW,
DYTA,
DZZ,
E,
EA,
EAD,
EAF,
EAFG,
EAGG,
EAGL,
EAI,
EALT,
EAOA,
EAOK,
EAOM,
EAOR,
EAPR,
EARN,
EASG,
EASY,
EAT,
EATZ,
EB,
EBAY,
EBC,
EBF,
EBIT,
EBIZ,
EBMT,
EBND,
EBON,
EBR,
EBR-B,
EBS,
EBTC,
EBUF,
EC,
ECAT,
ECBK,
ECC,
ECC-P-D,
ECCC,
ECCU,
ECCV,
ECCW,
ECCX,
ECDA,
ECDAW,
ECF,
ECF-P-A,
ECG,
ECG-W,
ECH,
ECML,
ECNS,
ECO,
ECON,
ECOR,
ECOW,
ECPG,
ECVT,
ECX,
ECXWW,
EDAP,
EDBL,
EDBLW,
EDC,
EDD,
EDEN,
EDF,
EDGF,
EDGH,
EDGI,
EDGU,
EDHL,
EDI,
EDIT,
EDIV,
EDN,
EDOG,
EDOW,
EDRY,
EDSA,
EDTK,
EDU,
EDUC,
EDUT,
EDV,
EDZ,
EE,
EEA,
EEFT,
EEIQ,
EELV,
EEM,
EEMA,
EEMO,
EEMS,
EEMV,
EEMX,
EES,
EET,
EETH,
EEV,
EEX,
EFA,
EFAA,
EFAD,
EFAS,
EFAV,
EFAX,
EFC,
EFC-P-A,
EFC-P-B,
EFC-P-C,
EFC-P-D,
EFFE,
EFG,
EFIV,
EFNL,
EFO,
EFOI,
EFR,
EFRA,
EFSC,
EFSCP,
EFT,
EFTR,
EFTY,
EFU,
EFUT,
EFV,
EFX,
EFXT,
EFZ,
EG,
EGAN,
EGBN,
EGF,
EGG,
EGGQ,
EGHA,
EGHAR,
EGHAU,
EGHT,
EGIS,
EGLE,
EGO,
EGP,
EGUS,
EGY,
EH,
EHAB,
EHC,
EHGO,
EHI,
EHI-R,
EHI-R-W,
EHLD,
EHLDV,
EHLS,
EHTH,
EIC,
EICA,
EICB,
EIDO,
EIG,
EIM,
EINC,
EIPI,
EIPX,
EIRL,
EIS,
EIX,
EJAN,
EJH,
EJUL,
EKG,
EKSO,
EL,
ELA,
ELAB,
ELAN,
ELBM,
ELC,
ELCV,
ELD,
ELDN,
ELF,
ELFY,
ELIL,
ELIQ-WS,
ELIS,
ELLO,
ELM,
ELMD,
ELME,
ELOG,
ELON,
ELP,
ELPC,
ELPW,
ELS,
ELSE,
ELTK,
ELTX,
ELUT,
ELV,
ELVA,
ELVN,
ELVR,
ELWS,
EM,
EMA,
EMB,
EMBC,
EMBD,
EMBK,
EMBKW,
EMC,
EMCA,
EMCB,
EMCH,
EMCR,
EMD,
EMDM,
EMDV,
EME,
EMEQ,
EMF,
EMGC,
EMGF,
EMHC,
EMHY,
EMIF,
EMISU,
EML,
EMLC,
EMLP,
EMM,
EMMF,
EMN,
EMNT,
EMO,
EMO-R,
EMO-R-W,
EMOT,
EMP,
EMPD,
EMPG,
EMPW,
EMQQ,
EMR,
EMSF,
EMTL,
EMTY,
EMX,
EMXC,
EMXF,
EMZA,
ENB,
ENCP,
ENFR,
ENFY,
ENGN,
ENGNW,
ENGS,
ENIC,
ENJ,
ENLT,
ENLV,
ENO,
ENOR,
ENOV,
ENPH,
ENPX,
ENR,
ENS,
ENSC,
ENSG,
ENTA,
ENTG,
ENTO,
ENTR,
ENTX,
ENTXW,
ENVA,
ENVB,
ENVX,
ENX,
ENZL,
EOCT,
EOCW,
EOD,
EOI,
EOLS,
EONR,
EONR-WS,
EONRWS,
EOS,
EOSE,
EOSEW,
EOT,
EP,
EP-P-C,
EPAC,
EPAM,
EPC,
EPD,
EPHE,
EPI,
EPIX,
EPM,
EPOL,
EPOW,
EPP,
EPR,
EPR-P-C,
EPR-P-E,
EPR-P-G,
EPRF,
EPRT,
EPS,
EPSM,
EPSN,
EPU,
EPV,
EPWK,
EQ,
EQAL,
EQBK,
EQH,
EQH-P-A,
EQH-P-C,
EQIN,
EQL,
EQLT,
EQNR,
EQR,
EQRR,
EQS,
EQT,
EQTY,
EQV,
EQV-U,
EQV-WS,
EQWL,
EQX,
ERAS,
ERC,
ERET,
ERH,
ERIC,
ERIE,
ERII,
ERJ,
ERNA,
ERNZ,
ERO,
ERTH,
ERX,
ERY,
ES,
ESAB,
ESBA,
ESCA,
ESE,
ESEA,
ESEAV,
ESG,
ESGD,
ESGE,
ESGG,
ESGL,
ESGLW,
ESGR,
ESGU,
ESGV,
ESGX,
ESHA,
ESHAR,
ESI,
ESIX,
ESLA,
ESLAW,
ESLT,
ESML,
ESMV,
ESN,
ESNT,
ESOA,
ESP,
ESPO,
ESPR,
ESQ,
ESRT,
ESS,
ESSC,
ESTA,
ESTC,
ESUM,
ET,
ET-P-I,
ETB,
ETCO,
ETD,
ETEC,
ETG,
ETH,
ETHA,
ETHD,
ETHI,
ETHM,
ETHMU,
ETHMW,
ETHO,
ETHT,
ETHU,
ETHV,
ETHW,
ETHZ,
ETHZW,
ETI-P,
ETJ,
ETNB,
ETO,
ETON,
ETOR,
ETQ,
ETR,
ETRL,
ETS,
ETSY,
ETU,
ETV,
ETW,
ETX,
ETY,
EU,
EUAD,
EUDA,
EUDAW,
EUDG,
EUDV,
EUFN,
EUM,
EUO,
EURK,
EURKR,
EURKU,
EURL,
EUSA,
EUSB,
EVAC,
EVAC-U,
EVAC-WS,
EVAV,
EVAX,
EVC,
EVCM,
EVER,
EVEX,
EVEX-WS,
EVF,
EVG,
EVGN,
EVGO,
EVGOW,
EVH,
EVHY,
EVI,
EVIM,
EVIX,
EVLN,
EVLU,
EVLV,
EVLVW,
EVM,
EVMO,
EVMT,
EVN,
EVNT,
EVO,
EVOK,
EVR,
EVRG,
EVSB,
EVSD,
EVSM,
EVT,
EVTC,
EVTL,
EVTL-WS,
EVTR,
EVTV,
EVUS,
EVV,
EVX,
EVYM,
EW,
EWA,
EWBC,
EWC,
EWCZ,
EWD,
EWEB,
EWG,
EWGS,
EWH,
EWI,
EWJ,
EWJV,
EWK,
EWL,
EWM,
EWN,
EWO,
EWP,
EWQ,
EWS,
EWT,
EWTX,
EWU,
EWUS,
EWV,
EWW,
EWX,
EWY,
EWZ,
EWZS,
EXAS,
EXE,
EXEEL,
EXEEW,
EXEEZ,
EXEL,
EXFY,
EXG,
EXI,
EXK,
EXLS,
EXOZ,
EXP,
EXPD,
EXPE,
EXPI,
EXPO,
EXR,
EXTO-W,
EXTR,
EXUS,
EYE,
EYEG,
EYLD,
EYPT,
EZA,
EZBC,
EZET,
EZGO,
EZJ,
EZM,
EZPW,
EZPZ,
EZU,
F,
F-P-B,
F-P-C,
F-P-D,
FA,
FAAR,
FAAS,
FAASW,
FAB,
FACT,
FACTU,
FACTW,
FAD,
FAF,
FALN,
FAM,
FAMI,
FAN,
FANG,
FAPR,
FARM,
FARO,
FAS,
FAST,
FAT,
FATAV,
FATBB,
FATBP,
FATBV,
FATBW,
FATE,
FATN,
FAUG,
FAX,
FAZ,
FB,
FBCG,
FBCV,
FBDC,
FBGL,
FBIN,
FBIO,
FBIOP,
FBIZ,
FBK,
FBL,
FBLA,
FBLG,
FBNC,
FBND,
FBOT,
FBP,
FBRT,
FBRT-P-E,
FBRX,
FBT,
FBTC,
FBUF,
FBY,
FBYD,
FBYDW,
FC,
FCA,
FCAL,
FCAP,
FCBC,
FCCO,
FCEF,
FCEL,
FCF,
FCFS,
FCFY,
FCG,
FCHL,
FCLD,
FCN,
FCNCA,
FCNCO,
FCNCP,
FCO,
FCOM,
FCOR,
FCPI,
FCPT,
FCRS-U,
FCRX,
FCSH,
FCT,
FCTE,
FCTR,
FCUS,
FCUV,
FCVT,
FDAT,
FDBC,
FDCF,
FDD,
FDEC,
FDEM,
FDEU,
FDEV,
FDFF,
FDG,
FDHT,
FDHY,
FDIF,
FDIG,
FDIS,
FDIV,
FDL,
FDLO,
FDLS,
FDM,
FDMO,
FDMT,
FDN,
FDND,
FDNI,
FDP,
FDRR,
FDRV,
FDS,
FDSB,
FDT,
FDTS,
FDTX,
FDUS,
FDV,
FDVV,
FDWM,
FDX,
FE,
FEAM,
FEAT,
FEBO,
FEBP,
FEBT,
FEBU,
FEBW,
FEBZ,
FEDM,
FEDU,
FEI,
FEIG,
FEIM,
FELE,
FEM,
FEMB,
FEMS,
FEMY,
FEN,
FENC,
FENG,
FENY,
FEO,
FEP,
FEPI,
FERA,
FERAR,
FERAU,
FERG,
FET,
FETH,
FEUS,
FEUZ,
FEVR,
FEX,
FEZ,
FF,
FFA,
FFAI,
FFAIW,
FFBC,
FFC,
FFEB,
FFIC,
FFIN,
FFIU,
FFIV,
FFLC,
FFLG,
FFLS,
FFLV,
FFND,
FFNW,
FFOG,
FFSM,
FFTY,
FFWM,
FG,
FG-W,
FGB,
FGBI,
FGBIP,
FGD,
FGDL,
FGEN,
FGI,
FGIWW,
FGL,
FGM,
FGMC,
FGMCR,
FGMCU,
FGN,
FGNX,
FGNXP,
FGSI,
FGSN,
FHB,
FHEQ,
FHI,
FHLC,
FHN,
FHN-P-C,
FHN-P-E,
FHN-P-F,
FHTX,
FHYS,
FI,
FIAT,
FIAX,
FIBK,
FICO,
FICS,
FICV,
FICVU,
FICVW,
FID,
FIDI,
FIDU,
FIEE,
FIF,
FIG,
FIGB,
FIGR,
FIGS,
FIGX,
FIGXU,
FIGXW,
FIHL,
FIIG,
FILL,
FINS,
FINV,
FINW,
FINX,
FIP,
FIRI,
FIRS,
FIS,
FISI,
FISK,
FISR,
FITB,
FITBI,
FITBO,
FITBP,
FITE,
FIVA,
FIVE,
FIVN,
FIVR,
FIVY,
FIW,
FIX,
FIXD,
FIXP,
FIXT,
FIZZ,
FJAN,
FJP,
FJUL,
FJUN,
FKU,
FKWL,
FLAC,
FLACW,
FLAG,
FLAG-WS,
FLAO,
FLAU,
FLAX,
FLBL,
FLBR,
FLC,
FLCA,
FLCB,
FLCC,
FLCG,
FLCH,
FLCO,
FLCV,
FLD,
FLDB,
FLDD,
FLDDW,
FLDR,
FLDZ,
FLEE,
FLEU,
FLEX,
FLFR,
FLG,
FLG-P-A,
FLG-P-U,
FLGB,
FLGC,
FLGR,
FLGT,
FLGV,
FLHY,
FLIA,
FLIN,
FLIY,
FLJ,
FLJH,
FLJJ,
FLJP,
FLKR,
FLL,
FLLA,
FLMB,
FLMI,
FLMX,
FLN,
FLNC,
FLNG,
FLNT,
FLO,
FLOC,
FLOT,
FLOW,
FLQL,
FLQM,
FLQS,
FLR,
FLRG,
FLRN,
FLRT,
FLS,
FLSA,
FLSP,
FLSW,
FLTB,
FLTR,
FLTW,
FLUD,
FLUT,
FLUX,
FLV,
FLWS,
FLX,
FLXN,
FLXR,
FLXS,
FLY,
FLYD,
FLYE,
FLYU,
FLYW,
FLYX,
FLYX-WS,
FLZA,
FMAG,
FMAO,
FMAR,
FMAT,
FMAY,
FMB,
FMBH,
FMC,
FMCX,
FMED,
FMET,
FMF,
FMFC,
FMHI,
FMKT,
FMN,
FMNB,
FMNY,
FMQQ,
FMS,
FMST,
FMSTW,
FMX,
FMY,
FN,
FNB,
FNCL,
FND,
FNDA,
FNDB,
FNDC,
FNDE,
FNDF,
FNDX,
FNF,
FNGD,
FNGG,
FNGO,
FNGR,
FNGS,
FNGU,
FNK,
FNKO,
FNLC,
FNOV,
FNV,
FNWB,
FNWD,
FNX,
FNY,
FOA,
FOCT,
FOF,
FOFO,
FOLD,
FONR,
FOR,
FORA,
FORD,
FORH,
FORL,
FORLU,
FORLW,
FORM,
FORR,
FORTY,
FOSL,
FOSLL,
FOUR,
FOX,
FOXA,
FOXF,
FOXX,
FOXXW,
FOXY,
FPA,
FPAG,
FPAS,
FPAY,
FPE,
FPEI,
FPF,
FPFD,
FPH,
FPI,
FPL,
FPRO,
FPWR,
FPX,
FPXE,
FPXI,
FQAL,
FR,
FRA,
FRAF,
FRBA,
FRBN,
FRBNU,
FRBNW,
FRD,
FRDD,
FRDM,
FRDU,
FREL,
FREQ,
FRES,
FREY-WS,
FRGAP,
FRGE,
FRGT,
FRHC,
FRI,
FRIZ,
FRLA,
FRLAU,
FRLAW,
FRME,
FRMEP,
FRMI,
FRNW,
FRO,
FROG,
FRPH,
FRPT,
FRRSF,
FRSH,
FRST,
FRSX,
FRT,
FRT-P-C,
FRTY,
FSBC,
FSBD,
FSBW,
FSCC,
FSCO,
FSCS,
FSD,
FSEA,
FSEC,
FSEP,
FSFG,
FSGS,
FSHP,
FSHPR,
FSHPU,
FSI,
FSIG,
FSK,
FSLD,
FSLR,
FSLY,
FSM,
FSMB,
FSMD,
FSNB,
FSNB-U,
FSP,
FSS,
FSST,
FSTA,
FSTR,
FSV,
FSYD,
FSZ,
FT,
FTA,
FTAA,
FTAAW,
FTAG,
FTAI,
FTAIM,
FTAIN,
FTBD,
FTC,
FTCB,
FTCE,
FTCI,
FTCS,
FTDR,
FTDS,
FTEC,
FTEK,
FTEL,
FTF,
FTFT,
FTGC,
FTGS,
FTHI,
FTHM,
FTHY,
FTI,
FTIF,
FTK,
FTLF,
FTLS,
FTNT,
FTPA,
FTPAW,
FTQI,
FTRB,
FTRE,
FTRI,
FTRK,
FTS,
FTSD,
FTSL,
FTSM,
FTV,
FTWO,
FTXG,
FTXH,
FTXL,
FTXN,
FTXO,
FTXR,
FUBO,
FUFU,
FUFUW,
FUL,
FULC,
FULT,
FULTP,
FUMB,
FUN,
FUNC,
FUND,
FUNL,
FURY,
FUSB,
FUSI,
FUTU,
FUTY,
FV,
FVAL,
FVC,
FVCB,
FVD,
FVN,
FVNNR,
FVNNU,
FVR,
FVRR,
FWD,
FWONA,
FWONK,
FWP,
FWRD,
FWRG,
FXA,
FXB,
FXC,
FXCO,
FXCOR,
FXCOW,
FXD,
FXE,
FXED,
FXF,
FXG,
FXH,
FXI,
FXL,
FXN,
FXNC,
FXO,
FXP,
FXR,
FXU,
FXY,
FXZ,
FYBR,
FYC,
FYEE,
FYLD,
FYT,
FYX,
G,
GAA,
GAB,
GAB-P-G,
GAB-P-H,
GAB-P-K,
GABC,
GABF,
GAEM,
GAIA,
GAIN,
GAINI,
GAINL,
GAINN,
GAINZ,
GAL,
GALT,
GAM,
GAM-P-B,
GAMB,
GAME,
GAMR,
GANX,
GAP,
GAPR,
GARP,
GASL,
GASS,
GAST,
GATE,
GATEU,
GATEW,
GATX,
GAU,
GAUG,
GAUZ,
GBAB,
GBBKW,
GBCI,
GBDC,
GBF,
GBIL,
GBIO,
GBLD,
GBLI,
GBNY,
GBR,
GBRG,
GBTC,
GBTG,
GBUG,
GBX,
GBXA,
GBXB,
GBXC,
GCAD,
GCAL,
GCBC,
GCC,
GCI,
GCL,
GCLWW,
GCMG,
GCMGW,
GCO,
GCOR,
GCOW,
GCT,
GCTK,
GCTS,
GCTS-WS,
GCTSW,
GCV,
GDC,
GDDY,
GDE,
GDEC,
GDEN,
GDEV,
GDEVW,
GDFN,
GDHG,
GDIV,
GDL,
GDMA,
GDMN,
GDO,
GDOC,
GDOT,
GDRX,
GDS,
GDST,
GDSTR,
GDSTU,
GDSTW,
GDTC,
GDV,
GDV-P-H,
GDV-P-K,
GDVD,
GDX,
GDXD,
GDXJ,
GDXU,
GDXY,
GDYN,
GECC,
GECCG,
GECCH,
GECCI,
GECCO,
GECCZ,
GEF,
GEF-B,
GEG,
GEGGL,
GEHC,
GEHCV,
GEL,
GELS,
GEM,
GEMD,
GEMI,
GEN,
GENC,
GENI,
GENK,
GENM,
GENQU,
GENT,
GENVR,
GENY,
GEO,
GEOS,
GER,
GERM,
GERN,
GES,
GET,
GETR-WS,
GETY,
GEV,
GEV-W,
GEVO,
GEVX,
GF,
GFAI,
GFAIW,
GFEB,
GFF,
GFGF,
GFI,
GFL,
GFR,
GFS,
GGAL,
GGB,
GGG,
GGLL,
GGLS,
GGM,
GGME,
GGN,
GGN-P-B,
GGOV,
GGR,
GGROW,
GGRW,
GGT,
GGT-P-E,
GGT-P-G,
GGT-R-W,
GGUS,
GGZ,
GH,
GHC,
GHG,
GHI,
GHLD,
GHM,
GHRS,
GHTA,
GHY,
GHYB,
GHYG,
GIACU,
GIAX,
GIB,
GIBO,
GIBOW,
GIC,
GIFI,
GIFT,
GIG,
GIGB,
GIGGU,
GIGGW,
GIGM,
GII,
GIII,
GIL,
GILD,
GILT,
GIND,
GINN,
GINX,
GIPR,
GIPRW,
GIS,
GITS,
GIW,
GIWWU,
GIWWW,
GJAN,
GJH,
GJO,
GJP,
GJR,
GJS,
GJT,
GJUL,
GJUN,
GK,
GKOS,
GL,
GL-P-D,
GLAD,
GLADZ,
GLBAV,
GLBE,
GLBKV,
GLBL,
GLBLW,
GLBS,
GLBZ,
GLD,
GLDD,
GLDG,
GLDI,
GLDM,
GLDY,
GLE,
GLGG,
GLIBA,
GLIBK,
GLIN,
GLL,
GLMD,
GLNG,
GLO,
GLOB,
GLOF,
GLOP-P-A,
GLOP-P-B,
GLOP-P-C,
GLOV,
GLOW,
GLP,
GLP-P-B,
GLPG,
GLPI,
GLQ,
GLRE,
GLRY,
GLSI,
GLTA,
GLTA-U,
GLTO,
GLTR,
GLU,
GLU-P-A,
GLU-P-B,
GLUE,
GLV,
GLW,
GLXG,
GLXU,
GLXY,
GMAB,
GMAR,
GMAY,
GME,
GMED,
GMET,
GMEY,
GMF,
GMGI,
GMGT,
GMHS,
GMM,
GMMA,
GMMF,
GMNY,
GMOI,
GMOM,
GMOV,
GMRE,
GMRE-P-A,
GMUB,
GMUN,
GNE,
GNFT,
GNK,
GNL,
GNL-P-A,
GNL-P-B,
GNL-P-D,
GNL-P-E,
GNLN,
GNLX,
GNMA,
GNOM,
GNPX,
GNR,
GNRC,
GNS,
GNS-R,
GNS-R-W,
GNSS,
GNT,
GNT-P-A,
GNTA,
GNTX,
GNW,
GO,
GOAU,
GOCO,
GOCT,
GODN,
GODNR,
GODNU,
GOEX,
GOF,
GOGL,
GOGO,
GOLF,
GOLY,
GOOD,
GOODN,
GOODO,
GOOG,
GOOP,
GOOS,
GOOW,
GOOX,
GOOY,
GOP,
GORO,
GORV,
GOSS,
GOTU,
GOVI,
GOVT,
GOVX,
GOVXW,
GOVZ,
GP,
GPAT,
GPATU,
GPATW,
GPC,
GPCR,
GPI,
GPIQ,
GPIX,
GPJA,
GPK,
GPMT,
GPMT-P-A,
GPN,
GPOR,
GPRE,
GPRF,
GPRK,
GPRO,
GPT,
GPUS,
GPUS-P-D,
GQGU,
GQI,
GQQQ,
GQRE,
GRAB,
GRABW,
GRAF,
GRAF-U,
GRAF-WS,
GRAL,
GRALV,
GRAN,
GRBK,
GRBK-P-A,
GRC,
GRCE,
GRCL,
GRDN,
GREE,
GREEL,
GREK,
GRF,
GRFS,
GRFX,
GRI,
GRID,
GRIN,
GRMN,
GRN,
GRNA,
GRNAW,
GRNB,
GRND,
GRND-WS,
GRNQ,
GRNT,
GRNT-WS,
GRO,
GROV,
GROW,
GROY,
GROZ,
GRP-U,
GRPM,
GRPN,
GRPZ,
GRRR,
GRRRW,
GRVY,
GRWG,
GRX,
GRYP,
GS-P-A,
GS-P-C,
GS-P-D,
GSAT,
GSBC,
GSBD,
GSC,
GSDWW,
GSEE,
GSEP,
GSEU,
GSEW,
GSG,
GSHD,
GSHR,
GSHRU,
GSHRW,
GSIB,
GSID,
GSIE,
GSIG,
GSIT,
GSIW,
GSJY,
GSK,
GSL,
GSL-P-B,
GSLC,
GSM,
GSPY,
GSRFU,
GSRM,
GSRMW,
GSRT,
GSRTR,
GSRTU,
GSSC,
GSST,
GSUN,
GSUS,
GSY,
GT,
GTBP,
GTE,
GTEC,
GTEK,
GTEN,
GTENU,
GTENW,
GTERA,
GTERR,
GTERU,
GTERW,
GTES,
GTIM,
GTIP,
GTLB,
GTLS,
GTLS-P-B,
GTM,
GTN,
GTN-A,
GTO,
GTOC,
GTOS,
GTR,
GTX,
GTY,
GUG,
GUMI,
GUNR,
GURE,
GURU,
GUSA,
GUSH,
GUT,
GUT-P-C,
GUTS,
GV,
GVA,
GVAL,
GVCI,
GVCIU,
GVCIW,
GVH,
GVI,
GVIP,
GVLU,
GVUS,
GWAV,
GWH,
GWH-WS,
GWRE,
GWRS,
GWW,
GWX,
GXAI,
GXC,
GXDW,
GXO,
GXUS,
GYLD,
GYRE,
GYRO,
H,
HACK,
HAE,
HAFC,
HAFN,
HAIL,
HAIN,
HALO,
HAO,
HAP,
HAPI,
HAPR,
HAPS,
HARD,
HAS,
HASI,
HAUS,
HAUZ,
HAWX,
HAYW,
HBAN,
HBANL,
HBANM,
HBANP,
HBB,
HBCP,
HBDC,
HBI,
HBIO,
HBM,
HBNB,
HBNC,
HBT,
HBTA,
HCA,
HCAI,
HCAT,
HCC,
HCHL,
HCI,
HCKT,
HCM,
HCMAU,
HCMT,
HCOW,
HCRB,
HCSG,
HCTI,
HCWB,
HCWC,
HCXY,
HDB,
HDEF,
HDG,
HDGE,
HDL,
HDLB,
HDMV,
HDSN,
HDUS,
HDV,
HE,
HEAL,
HEAT,
HECA,
HECO,
HEDJ,
HEEM,
HEFA,
HEGD,
HEI,
HEI-A,
HEJD,
HELE,
HELO,
HELX,
HEPS,
HEQ,
HEQT,
HERD,
HERO,
HERZ,
HES,
HESM,
HEWC,
HEWJ,
HEWU,
HEXO,
HEZU,
HFBL,
HFFG,
HFGO,
HFND,
HFRO,
HFRO-P-A,
HFRO-P-B,
HFSI,
HFSP,
HFWA,
HFXI,
HG,
HGBL,
HGER,
HGLB,
HGRO,
HGTY,
HGTY-WS,
HGV,
HHH,
HHH-W,
HHS,
HI,
HIBL,
HIBS,
HIDE,
HIDV,
HIE,
HIFS,
HIG,
HIG-P-G,
HIGH,
HIHO,
HII,
HIMS,
HIMU,
HIMX,
HIMY,
HIND,
HIO,
HIPO,
HIPO-WS,
HIPS,
HIT,
HITI,
HIVE,
HIW,
HIX,
HIYS,
HIYY,
HKD,
HKIT,
HKND,
HKPD,
HL,
HL-P-B,
HLAL,
HLF,
HLI,
HLIO,
HLIT,
HLLY,
HLLY-WS,
HLMN,
HLN,
HLNE,
HLP,
HLT,
HLX,
HMAC,
HMACR,
HMACU,
HMACW,
HMC,
HMCO,
HMCOU,
HMCOW,
HMN,
HMOP,
HMR,
HMST,
HMY,
HNDL,
HNGE,
HNI,
HNNA,
HNNAZ,
HNRG,
HNST,
HNVR,
HODL,
HOFT,
HOG,
HOLA,
HOLD,
HOLO,
HOLOW,
HOLX,
HOMB,
HOMZ,
HOND,
HONDU,
HONDW,
HONE,
HOOD,
HOOG,
HOOI,
HOOW,
HOOX,
HOOY,
HOPE,
HORIU,
HOTH,
HOTL,
HOUR,
HOUS,
HOV,
HOVNP,
HOVR,
HOVRW,
HOWL,
HP,
HPAI,
HPAIW,
HPE,
HPF,
HPI,
HPK,
HPLT,
HPLTU,
HPLTW,
HPP,
HPP-P-C,
HPQ,
HPS,
HQGO,
HQH,
HQI,
HQL,
HQY,
HR,
HRB,
HRI,
HRL,
HRMY,
HROW,
HROWL,
HROWM,
HRTG,
HRTS,
HRTX,
HRYU,
HRZN,
HSAI,
HSBC,
HSCS,
HSCSW,
HSCZ,
HSDT,
HSHP,
HSIC,
HSII,
HSMV,
HSON,
HSPO,
HSPOR,
HSPOU,
HSPOW,
HSPT,
HSPTR,
HSPTU,
HSRT,
HST,
HSTM,
HSUN,
HSY,
HT,
HT-P-C,
HT-P-D,
HT-P-E,
HTAB,
HTAX,
HTB,
HTBK,
HTCO,
HTCR,
HTD,
HTEC,
HTFB,
HTFC,
HTFL,
HTGC,
HTH,
HTHT,
HTLD,
HTLM,
HTO,
HTOO,
HTOOW,
HTPA-U,
HTRB,
HTUS,
HTY,
HTZ,
HTZWW,
HUBB,
HUBC,
HUBCW,
HUBCZ,
HUBG,
HUBS,
HUDI,
HUHU,
HUIZ,
HUM,
HUMA,
HUMAW,
HUN,
HURA,
HURC,
HURN,
HUSA,
HUSV,
HUT,
HUYA,
HVAL,
HVII,
HVIIR,
HVIIU,
HVMC,
HVMCU,
HVMCW,
HVT,
HVT-A,
HWAY,
HWBK,
HWC,
HWCPZ,
HWH,
HWKN,
HWM,
HWM-P,
HXHX,
HXL,
HY,
HYAC,
HYAC-U,
HYAC-WS,
HYBB,
HYBI,
HYBL,
HYBX,
HYD,
HYDB,
HYDR,
HYDW,
HYEM,
HYFI,
HYFM,
HYFT,
HYG,
HYGH,
HYGV,
HYGW,
HYHG,
HYI,
HYIN,
HYKE,
HYLB,
HYLN,
HYLS,
HYMB,
HYMC,
HYMCL,
HYMCW,
HYP,
HYPD,
HYPR,
HYRM,
HYS,
HYSA,
HYSD,
HYT,
HYTR,
HYUP,
HYXF,
HYXU,
HYZD,
HYZN,
HYZNW,
HZO,
HZON-WS,
IAC,
IACVV,
IAE,
IAF,
IAG,
IAGG,
IAI,
IAK,
IAPR,
IART,
IAS,
IAT,
IAU,
IAUG,
IAUM,
IAUX,
IAUX-WS,
IBAC,
IBACR,
IBAT,
IBB,
IBBQ,
IBCA,
IBCP,
IBD,
IBDQ,
IBDR,
IBDS,
IBDT,
IBDU,
IBDV,
IBDW,
IBDX,
IBDY,
IBDZ,
IBEX,
IBG,
IBGA,
IBGK,
IBHE,
IBHF,
IBHG,
IBHH,
IBHI,
IBHJ,
IBHK,
IBIB,
IBIC,
IBID,
IBIE,
IBIF,
IBIG,
IBIH,
IBII,
IBIJ,
IBIK,
IBIO,
IBIT,
IBKR,
IBLC,
IBM,
IBMK,
IBMN,
IBMO,
IBMP,
IBMQ,
IBMR,
IBMS,
IBN,
IBND,
IBO,
IBOC,
IBOT,
IBP,
IBRN,
IBRX,
IBTA,
IBTE,
IBTF,
IBTG,
IBTH,
IBTI,
IBTJ,
IBTK,
IBTL,
IBTM,
IBTO,
IBTP,
IBUF,
IBUY,
ICAP,
ICCC,
ICCM,
ICE,
ICF,
ICFI,
ICG,
ICHR,
ICL,
ICLK,
ICLN,
ICLO,
ICLR,
ICMB,
ICNC-U,
ICOI,
ICON,
ICOP,
ICOW,
ICR-P-A,
ICRC,
ICSH,
ICU,
ICUCW,
ICUI,
ICVT,
ID,
IDA,
IDAI,
IDCC,
IDE,
IDEC,
IDEF,
IDEQ,
IDEV,
IDGT,
IDHQ,
IDIV,
IDLV,
IDMO,
IDN,
IDNA,
IDOG,
IDR,
IDRV,
IDT,
IDU,
IDUB,
IDV,
IDVO,
IDVZ,
IDX,
IDXX,
IDYA,
IDYN,
IE,
IEDI,
IEF,
IEFA,
IEI,
IEMG,
IEO,
IEP,
IESC,
IETC,
IETH,
IEUR,
IEUS,
IEV,
IEX,
IEZ,
IFBD,
IFEB,
IFED,
IFF,
IFGL,
IFIN-WS,
IFLO,
IFN,
IFN-R,
IFN-R-W,
IFRA,
IFRX,
IFS,
IFV,
IG,
IGA,
IGBH,
IGC,
IGCB,
IGD,
IGE,
IGEB,
IGF,
IGHG,
IGI,
IGIB,
IGIC,
IGLB,
IGLD,
IGM,
IGME,
IGOV,
IGPT,
IGR,
IGR-R,
IGR-R-W,
IGRO,
IGSB,
IGTR,
IGV,
IGZ,
IH,
IHAK,
IHD,
IHDG,
IHE,
IHF,
IHG,
IHI,
IHIT,
IHRT,
IHS,
IHT,
IHTA,
IHY,
IHYF,
IIF,
IIGD,
III,
IIIN,
IIIV,
IIM,
IINN,
IINNW,
IIPR,
IIPR-P-A,
IIVI,
IJAN,
IJH,
IJJ,
IJK,
IJR,
IJS,
IJT,
IJUL,
IJUN,
IKT,
ILAG,
ILCB,
ILCG,
ILCV,
ILDR,
ILF,
ILIT,
ILLR,
ILLRW,
ILMN,
ILMNV,
ILOW,
ILPT,
ILS,
ILTB,
IMA,
IMAB,
IMACW,
IMAR,
IMAX,
IMAY,
IMCB,
IMCC,
IMCG,
IMCR,
IMCV,
IMDX,
IMFL,
IMG,
IMKTA,
IMMP,
IMMR,
IMMX,
IMNM,
IMNN,
IMO,
IMOM,
IMOS,
IMPP,
IMPPP,
IMPPV,
IMRA,
IMRN,
IMRX,
IMST,
IMTB,
IMTE,
IMTM,
IMTX,
IMTXW,
IMUX,
IMVT,
IMXI,
INAB,
INAC,
INACR,
INACU,
INBK,
INBKZ,
INBS,
INBX,
INBXV,
INCE,
INCM,
INCO,
INCR,
INCY,
INDA,
INDB,
INDE,
INDH,
INDI,
INDL,
INDO,
INDP,
INDS,
INDV,
INDY,
INEO,
INEQ,
INFA,
INFL,
INFO,
INFR,
INFU,
INFY,
ING,
INGM,
INGN,
INGR,
INHD,
INKA,
INKM,
INKT,
INLF,
INLX,
INM,
INMB,
INMD,
INMU,
INN,
INN-P-E,
INN-P-F,
INNV,
INO,
INOD,
INOV,
INPX,
INPXV,
INQQ,
INR,
INRO,
INSE,
INSG,
INSM,
INSP,
INSW,
INTA,
INTF,
INTG,
INTJ,
INTL,
INTM,
INTR,
INTS,
INTT,
INTU,
INTW,
INTZ,
INUV,
INV,
INVA,
INVE,
INVG,
INVH,
INVN,
INVX,
INVZ,
INVZW,
INXBV,
INZY,
IOBT,
IOCT,
IOMT,
ION,
IONL,
IONQ,
IONQ-WS,
IONR,
IONS,
IONZ,
IOO,
IOPP,
IOR,
IOSP,
IOT,
IOTR,
IOVA,
IP,
IPAC,
IPAR,
IPAV,
IPAY,
IPB,
IPCX,
IPCXR,
IPCXU,
IPDN,
IPG,
IPGP,
IPHA,
IPI,
IPKW,
IPM,
IPO,
IPOD,
IPODU,
IPODW,
IPOS,
IPSC,
IPST,
IPW,
IPWR,
IPX,
IPXXU,
IQ,
IQDF,
IQDG,
IQDY,
IQHI,
IQI,
IQLT,
IQM,
IQMDW,
IQQQ,
IQRA,
IQSI,
IQSM,
IQST,
IQSU,
IQSZ,
IQV,
IR,
IRBT,
IRD,
IRDM,
IREN,
IRET,
IRIX,
IRL,
IRM,
IRMD,
IROC,
IROHR,
IROHU,
IRON,
IROQ,
IRS,
IRS-WS,
IRT,
IRTC,
IRTR,
IRVH,
IRWD,
ISCB,
ISCF,
ISCG,
ISCV,
ISD,
ISEP,
ISG,
ISHG,
ISHP,
ISMD,
ISMF,
ISO,
ISOU,
ISPC,
ISPO,
ISPOW,
ISPR,
ISPY,
ISRA,
ISRG,
ISRL,
ISRLU,
ISRLW,
ISSC,
ISTB,
ISTR,
ISVL,
ISWN,
IT,
ITA,
ITAN,
ITB,
ITDB,
ITDC,
ITDD,
ITDE,
ITDF,
ITDG,
ITDH,
ITDI,
ITEQ,
ITGR,
ITI,
ITIC,
ITM,
ITOT,
ITP,
ITRG,
ITRI,
ITRM,
ITRN,
ITT,
ITUB,
ITW,
ITWO,
IUS,
IUSB,
IUSG,
IUSV,
IVA,
IVAL,
IVCPU,
IVDA,
IVDAW,
IVE,
IVES,
IVF,
IVH,
IVLU,
IVOG,
IVOL,
IVOO,
IVOV,
IVP,
IVR,
IVR-P-C,
IVRA,
IVRS,
IVT,
IVV,
IVVB,
IVVD,
IVVM,
IVVW,
IVW,
IVZ,
IWB,
IWC,
IWD,
IWDL,
IWF,
IWFG,
IWFL,
IWL,
IWLG,
IWM,
IWMI,
IWML,
IWMW,
IWMY,
IWN,
IWO,
IWP,
IWR,
IWS,
IWV,
IWX,
IWY,
IX,
IXC,
IXG,
IXHL,
IXJ,
IXN,
IXP,
IXUS,
IYC,
IYE,
IYF,
IYG,
IYH,
IYJ,
IYK,
IYLD,
IYM,
IYR,
IYRI,
IYT,
IYW,
IYY,
IYZ,
IZEA,
IZM,
IZRL,
J,
J-W,
JAAA,
JACK,
JACS,
JACS-R,
JACS-U,
JADE,
JAGX,
JAJL,
JAKK,
JAMF,
JANH,
JANJ,
JANP,
JANT,
JANU,
JANW,
JANX,
JANZ,
JAVA,
JAZZ,
JBBB,
JBDI,
JBGS,
JBHT,
JBI,
JBIO,
JBK,
JBL,
JBLU,
JBND,
JBS,
JBSS,
JBTM,
JCAP,
JCE,
JCHI,
JCI,
JCICU,
JCPB,
JCPI,
JCSE,
JCTC,
JCTR,
JD,
JDIV,
JDOC,
JDST,
JDVI,
JDVL,
JDZG,
JEF,
JELD,
JEM,
JEMA,
JEMB,
JEMD,
JENA,
JENA-R,
JENA-U,
JEPI,
JEPQ,
JEQ,
JETD,
JETS,
JETU,
JFB,
JFBR,
JFBRW,
JFIN,
JFLX,
JFR,
JFR-R,
JFR-R-W,
JFU,
JG,
JGH,
JGLO,
JGRO,
JGRW,
JHAA,
JHAC,
JHCB,
JHDV,
JHEM,
JHG,
JHHY,
JHI,
JHID,
JHLN,
JHMB,
JHMD,
JHML,
JHMM,
JHMU,
JHPI,
JHS,
JHSC,
JHX,
JIG,
JILL,
JIRE,
JIVE,
JJE,
JJM,
JJP,
JJS,
JJSF,
JKHY,
JKS,
JL,
JLHL,
JLL,
JLQD,
JLS,
JMACU,
JMBS,
JMEE,
JMHI,
JMIA,
JMID,
JMM,
JMOM,
JMSB,
JMSI,
JMST,
JMTG,
JMUB,
JNEU,
JNJ-WD,
JNK,
JNPR,
JNUG,
JOB,
JOBX,
JOBY,
JOBY-WS,
JOE,
JOET,
JOF,
JOJO,
JOUT,
JOYT,
JOYY,
JPAN,
JPC,
JPEF,
JPEM,
JPI,
JPIB,
JPIE,
JPIN,
JPLD,
JPM-P-C,
JPM-P-D,
JPM-P-J,
JPM-P-K,
JPM-P-L,
JPM-P-M,
JPMB,
JPME,
JPMO,
JPRE,
JPS,
JPSE,
JPST,
JPSV,
JPT,
JPUS,
JPX,
JPXN,
JPY,
JQC,
JQC-R,
JQC-R-W,
JQUA,
JRE,
JRI,
JRO,
JRS,
JRSH,
JRVR,
JSCP,
JSD,
JSI,
JSM,
JSMD,
JSML,
JSPR,
JSPRW,
JSTC,
JTAI,
JTEK,
JUCY,
JUGG,
JUGGU,
JUGGW,
JULH,
JULJ,
JULM,
JULP,
JULT,
JULU,
JULW,
JULZ,
JUNM,
JUNP,
JUNS,
JUNT,
JUNW,
JUNZ,
JUSA,
JUST,
JVA,
JVAL,
JVSA,
JVSAR,
JVSAU,
JW,
JWEL,
JXG,
JXI,
JXN,
JXN-P-A,
JXX,
JYD,
JYNT,
JZ,
JZXN,
K,
K-W,
KAI,
KALA,
KALU,
KALV,
KAPA,
KAPR,
KAR,
KARO,
KARS,
KAUG,
KAVL,
KB,
KBA,
KBAB,
KBDC,
KBE,
KBH,
KBR,
KBSX,
KBUF,
KBWB,
KBWD,
KBWP,
KBWR,
KBWY,
KC,
KCAI,
KCCA,
KCE,
KCGI-WS,
KCHV,
KCHVR,
KCHVU,
KCSH,
KD,
KDEC,
KDEF,
KDK,
KDKRW,
KDNY,
KDP,
KDRN,
KE,
KEAT,
KELYA,
KELYB,
KEMQ,
KEMX,
KEN,
KEP,
KEQU,
KEUA,
KEX,
KEY,
KEY-P-I,
KEY-P-J,
KEY-P-K,
KEY-P-L,
KEYS,
KF,
KFEB,
KFFB,
KFII,
KFIIR,
KFIIU,
KFRC,
KFS,
KFY,
KFYP,
KG,
KGC,
KGEI,
KGLD,
KGRN,
KGS,
KHC,
KHPI,
KHYB,
KIDS,
KIDZ,
KIDZW,
KIE,
KIM,
KIM-P-L,
KIM-P-M,
KIM-P-N,
KINS,
KIO,
KIO-R,
KIO-R-W,
KIRK,
KITT,
KITTW,
KJAN,
KJUL,
KJUN,
KKR,
KKRS,
KKRT,
KLAC,
KLAR,
KLC,
KLCD,
KLG,
KLG-W,
KLIC,
KLIP,
KLMT,
KLRS,
KLTO,
KLTOW,
KLTR,
KLXE,
KLXY,
KMAR,
KMAY,
KMDA,
KMED,
KMF,
KMID,
KMLI,
KMLM,
KMPB,
KMPR,
KMRK,
KMT,
KMTS,
KMX,
KN,
KNCT,
KNDI,
KNF,
KNF-W,
KNG,
KNGZ,
KNO,
KNOP,
KNOV,
KNOW,
KNRG,
KNRX,
KNSA,
KNSL,
KNTK,
KNW,
KNX,
KOCT,
KOD,
KODK,
KOF,
KOID,
KOKU,
KOLD,
KOMP,
KONG,
KOOL,
KOP,
KOPN,
KORE,
KORP,
KORU,
KOS,
KOSS,
KOYN,
KOYNU,
KOYNW,
KPDD,
KPLT,
KPLTW,
KPOP,
KPRO,
KPRX,
KPTI,
KQQQ,
KRBN,
KRC,
KRE,
KREF,
KREF-P-A,
KRG,
KRKR,
KRMA,
KRMD,
KRMN,
KRNT,
KRNY,
KRO,
KRON,
KROP,
KROS,
KRP,
KRRO,
KRSP-U,
KRT,
KRUS,
KRUZ,
KRYS,
KSA,
KSCD,
KSCP,
KSEP,
KSET,
KSLV,
KSM,
KSPI,
KSPY,
KSS,
KSTR,
KT,
KTB,
KTCC,
KTEC,
KTF,
KTH,
KTN,
KTOS,
KTTA,
KTTAW,
KTUP,
KUKE,
KULR,
KURA,
KURE,
KVAC,
KVACU,
KVACW,
KVHI,
KVLE,
KVUE,
KVUE-W,
KVYO,
KW,
KWE,
KWEB,
KWESW,
KWM,
KWMWW,
KWR,
KWT,
KXI,
KXIN,
KYIV,
KYIVW,
KYMR,
KYN,
KYTX,
KZIA,
KZR,
L,
LAAC-W,
LAB,
LABD,
LABU,
LAC,
LAC-W,
LAD,
LADR,
LAES,
LAESV,
LAKE,
LALT,
LAMR,
LAND,
LANDM,
LANDO,
LANDP,
LANV,
LANV-WS,
LAPR,
LAR,
LARK,
LASE,
LASR,
LATAU,
LAUR,
LAW,
LAWR,
LAYS,
LAZ,
LAZR,
LB,
LBAY,
LBBB,
LBBBR,
LBBBU,
LBBBW,
LBDAV,
LBDKV,
LBGJ,
LBO,
LBPH,
LBRDA,
LBRDK,
LBRDP,
LBRT,
LBRX,
LBTYA,
LBTYB,
LBTYK,
LBYAV,
LC,
LCAA,
LCAAU,
LCAAW,
LCCC,
LCCCR,
LCCCU,
LCDS,
LCF,
LCFY,
LCFYW,
LCG,
LCID,
LCII,
LCLG,
LCNB,
LCOW,
LCR,
LCTD,
LCTU,
LCTX,
LCUT,
LCW-U,
LD,
LDDR,
LDEM,
LDER,
LDI,
LDOS,
LDP,
LDRC,
LDRH,
LDRI,
LDRR,
LDRX,
LDSF,
LDUR,
LDWY,
LE,
LEA,
LEAD,
LECO,
LEDS,
LEE,
LEG,
LEGH,
LEGN,
LEGR,
LEGT,
LEGT-U,
LEGT-WS,
LEMB,
LEN,
LEN-B,
LENZ,
LEO,
LESL,
LEU,
LEVI,
LEXI,
LEXX,
LEXXW,
LFACW,
LFAI,
LFAO,
LFAW,
LFBD,
LFBE,
LFCR,
LFDR,
LFEQ,
LFLYD,
LFMD,
LFMDP,
LFST,
LFT,
LFT-P-A,
LFUS,
LFVN,
LFWD,
LGACU,
LGCB,
LGCF,
LGCL,
LGCY,
LGDX,
LGF-B,
LGH,
LGHL,
LGHT,
LGI,
LGIH,
LGL,
LGL-WS,
LGLV,
LGN,
LGND,
LGO,
LGOV,
LGPS,
LGRO,
LGV-WS,
LGVN,
LGVNV,
LH,
LH-W,
LHAI,
LHC,
LHC-U,
LHSW,
LHX,
LI,
LIAE,
LIAM,
LIAU,
LIAY,
LIBD,
LICN,
LIDR,
LIDRW,
LIEN,
LIF,
LIFT,
LII,
LILA,
LILAK,
LIMI,
LIMN,
LIMNW,
LINC,
LIND,
LINE,
LINK,
LION,
LIONU,
LIQT,
LIT,
LITB,
LITE,
LITL,
LITM,
LITP,
LITS,
LITT,
LITTU,
LITTW,
LIVE,
LIVN,
LIXT,
LIXTW,
LJAN,
LJUL,
LKFN,
LKOR,
LKQ,
LLDR,
LLY,
LLYVA,
LLYVK,
LLYX,
LLYZ,
LMACA,
LMACU,
LMACW,
LMAT,
LMB,
LMBO,
LMBS,
LMFA,
LMND,
LMND-WS,
LMNL,
LMNR,
LMTL,
LMTS,
LNAI,
LNC,
LNC-P-D,
LND,
LNG,
LNKB,
LNKS,
LNN,
LNSR,
LNT,
LNTH,
LNW,
LNZA,
LNZAW,
LOAN,
LOAR,
LOB,
LOBO,
LOCL,
LOCO,
LOCT,
LODE,
LOGI,
LOGO,
LOKV,
LOKVU,
LOKVW,
LOMA,
LONZ,
LOOP,
LOPE,
LOPP,
LOT,
LOTI,
LOTWW,
LOUP,
LOVE,
LOWV,
LPA,
LPAA,
LPAAU,
LPAAW,
LPBB,
LPBBU,
LPBBW,
LPCN,
LPG,
LPL,
LPLA,
LPRO,
LPSN,
LPTH,
LPTX,
LPX,
LQAI,
LQD,
LQDA,
LQDB,
LQDH,
LQDI,
LQDT,
LQDW,
LQIG,
LQPE,
LRCU,
LRCX,
LRE,
LRFC,
LRGC,
LRGE,
LRGF,
LRGG,
LRHC,
LRMR,
LRN,
LRND,
LSAF,
LSAK,
LSAT,
LSBK,
LSCC,
LSE,
LSEA,
LSEAW,
LSEQ,
LSF,
LSGR,
LSH,
LSPD,
LSPRU,
LST,
LSTA,
LSTR,
LTBR,
LTC,
LTH,
LTL,
LTM,
LTPZ,
LTRN,
LTRX,
LTRY,
LTRYW,
LU,
LUCD,
LUCK,
LUCY,
LUCYW,
LUD,
LULU,
LUMN,
LUNG,
LUNR,
LUV,
LUXE,
LVAC,
LVACW,
LVDS,
LVHD,
LVHI,
LVLU,
LVO,
LVRO,
LVROW,
LVS,
LVTX,
LVWR,
LVWR-WS,
LW,
LWAC,
LWACU,
LWACW,
LWAY,
LWLG,
LX,
LXEH,
LXEO,
LXFR,
LXP,
LXP-P-C,
LXRX,
LXU,
LYB,
LYEL,
LYFE,
LYFT,
LYG,
LYLD,
LYRA,
LYTS,
LYV,
LZ,
LZB,
LZM,
LZM-WS,
LZMH,
M,
MA,
MAA,
MAA-P-I,
MAAS,
MAC,
MACI,
MACIU,
MACIW,
MACK,
MADE,
MAGA,
MAGC,
MAGG,
MAGH,
MAGN,
MAGS,
MAGY,
MAIA,
MAIN,
MAKX,
MAMA,
MAMB,
MAMK,
MAMO,
MAN,
MANH,
MANI,
MANU,
MAPP,
MAPS,
MAPSW,
MAR,
MARA,
MARB,
MARM,
MARO,
MARPS,
MART,
MARW,
MARZ,
MAS,
MASI,
MASK,
MASS,
MAT,
MATH,
MATV,
MATW,
MATX,
MAX,
MAXI,
MAXJ,
MAXN,
MAYA,
MAYAR,
MAYAU,
MAYP,
MAYS,
MAYT,
MAYU,
MAYW,
MAYZ,
MAZE,
MB,
MBAV,
MBAVU,
MBAVW,
MBAY,
MBB,
MBBB,
MBC,
MBC-W,
MBCC,
MBCN,
MBI,
MBIN,
MBINM,
MBINN,
MBIO,
MBLY,
MBND,
MBNE,
MBNKP,
MBOT,
MBOX,
MBRX,
MBS,
MBSD,
MBSF,
MBUU,
MBVIU,
MBWM,
MBX,
MC,
MCACR,
MCACU,
MCACW,
MCB,
MCBS,
MCDS,
MCFT,
MCGA,
MCGAU,
MCGAW,
MCH,
MCHI,
MCHP,
MCHPP,
MCHS,
MCHX,
MCI,
MCK,
MCN,
MCO,
MCOM,
MCR,
MCRB,
MCRI,
MCRP,
MCS,
MCSE,
MCTR,
MCW,
MCY,
MD,
MDAI,
MDAIW,
MDB,
MDBH,
MDCXW,
MDEV,
MDGL,
MDIA,
MDIV,
MDLV,
MDPL,
MDRR,
MDRRP,
MDST,
MDU,
MDU-W,
MDV,
MDV-P-A,
MDWD,
MDXG,
MDXH,
MDY,
MDYG,
MDYV,
MEAR,
MEC,
MED,
MEDI,
MEDP,
MEDX,
MEG,
MEGI,
MEGL,
MEI,
MEKA,
MELI,
MEM,
MEMS,
MEMX,
MENS,
MEOA,
MEOAW,
MEOH,
MER-P-K,
MERC,
MESA,
MESO,
MET,
MET-P-A,
MET-P-E,
MET-P-F,
METBV,
METC,
METCB,
METCI,
METCV,
METCZ,
METD,
METL,
METU,
METV,
METW,
MEXX,
MFA,
MFA-P-B,
MFA-P-C,
MFAN,
MFAO,
MFC,
MFD,
MFDX,
MFEM,
MFG,
MFH,
MFI,
MFIC,
MFICL,
MFIN,
MFLX,
MFM,
MFSB,
MFSG,
MFSI,
MFSM,
MFSV,
MFUL,
MFUS,
MFUT,
MFV,
MG,
MGA,
MGC,
MGEE,
MGF,
MGI,
MGIC,
MGIH,
MGK,
MGLD,
MGM,
MGMT,
MGN,
MGNI,
MGNR,
MGNX,
MGOV,
MGPI,
MGR,
MGRB,
MGRC,
MGRD,
MGRE,
MGRM,
MGRT,
MGRX,
MGTA,
MGTX,
MGU,
MGV,
MGX,
MGY,
MGYR,
MH,
MHD,
MHF,
MHH,
MHK,
MHLA,
MHN,
MHNC,
MHO,
MHUA,
MHY,
MI,
MIAX,
MID,
MIDD,
MIDE,
MIDU,
MIDZ,
MIG,
MIGI,
MILN,
MIMI,
MIMO-WS-A,
MIMO-WS-B,
MIMO-WS-C,
MIN,
MIND,
MINM,
MINN,
MINO,
MINT,
MINV,
MIR,
MIRA,
MIRM,
MISL,
MIST,
MITK,
MITN,
MITP,
MITQ,
MITT,
MITT-P-A,
MITT-P-B,
MITT-P-C,
MIY,
MJ,
MJUS,
MKAM,
MKC,
MKC-V,
MKDW,
MKDWW,
MKFG-WS,
MKL,
MKLY,
MKLYR,
MKLYU,
MKOR,
MKSI,
MKTN,
MKTW,
MKTX,
MKZR,
ML-WS,
MLAB,
MLAC,
MLACR,
MLACU,
MLAIU,
MLCI,
MLCO,
MLDR,
MLEC,
MLECW,
MLGO,
MLI,
MLKN,
MLN,
MLNK,
MLP,
MLPA,
MLPB,
MLPD,
MLPR,
MLPX,
MLR,
MLSS,
MLTX,
MLYS,
MMA,
MMC,
MMCA,
MMD,
MMI,
MMID,
MMIN,
MMIT,
MMKT,
MMLG,
MMLP,
MMM-W,
MMS,
MMSC,
MMSD,
MMSI,
MMT,
MMTM,
MMU,
MMYT,
MNA,
MNBD,
MNDO,
MNDR,
MNDY,
MNKD,
MNMD,
MNOV,
MNP,
MNPR,
MNR,
MNRO,
MNSB,
MNSBP,
MNSO,
MNST,
MNTK,
MNTN,
MNTS,
MNTSW,
MNY,
MNYWW,
MOAT,
MOB,
MOBBW,
MOBX,
MOBXW,
MOD,
MODD,
MODG,
MODL,
MODV,
MOFG,
MOG-A,
MOG-B,
MOGO,
MOGU,
MOH,
MOLN,
MOMO,
MONCU,
MOO,
MOOD,
MORN,
MORT,
MOS,
MOTG,
MOTI,
MOTO,
MOV,
MOVE,
MP,
MPA,
MPAA,
MPACW,
MPB,
MPLN-WS,
MPLX,
MPRA,
MPRAU,
MPRAW,
MPRO,
MPTI,
MPTI-WS,
MPU,
MPV,
MPW,
MPWR,
MPX,
MQ,
MQQQ,
MQT,
MQY,
MRAL,
MRAM,
MRBK,
MRC,
MRCC,
MRCP,
MRCY,
MRDB-WS,
MREO,
MRGR,
MRIN,
MRKR,
MRM,
MRNA,
MRNO,
MRNOW,
MRNY,
MRP,
MRP-W,
MRSK,
MRSN,
MRT,
MRT-WS,
MRTN,
MRUS,
MRVI,
MRVL,
MRX,
MS-P-A,
MS-P-E,
MS-P-F,
MS-P-I,
MS-P-K,
MS-P-L,
MS-P-P,
MSA,
MSAI,
MSAIW,
MSB,
MSBI,
MSBIP,
MSC,
MSCI,
MSD,
MSDD,
MSDL,
MSEX,
MSFD,
MSFL,
MSFO,
MSFU,
MSFW,
MSFX,
MSFY,
MSGE,
MSGM,
MSGS,
MSGY,
MSI,
MSIF,
MSII,
MSLC,
MSM,
MSMR,
MSN,
MSOO,
MSOS,
MSOX,
MSPR,
MSPRW,
MSPRZ,
MSS,
MSSM,
MSSS,
MSTB,
MSTI,
MSTP,
MSTQ,
MSTR,
MSTU,
MSTW,
MSTX,
MSTY,
MSTZ,
MSW,
MT,
MTA,
MTAC,
MTAL,
MTB,
MTB-P-H,
MTBA,
MTC,
MTCH,
MTCR,
MTD,
MTDR,
MTEK,
MTEKW,
MTEN,
MTEST,
MTEST-A,
MTEX,
MTG,
MTGP,
MTH,
MTLS,
MTN,
MTNB,
MTR,
MTRA,
MTRN,
MTRX,
MTSI,
MTSR,
MTUL,
MTUM,
MTUS,
MTVA,
MTW,
MTX,
MTZ,
MU,
MUA,
MUB,
MUC,
MUD,
MUE,
MUFG,
MUI,
MUJ,
MULL,
MULT,
MUNA,
MUNB,
MUNC,
MUND,
MUNI,
MUNY,
MUR,
MURA,
MURFW,
MUSA,
MUSE,
MUSI,
MUSQ,
MUST,
MUU,
MUX,
MVAL,
MVBF,
MVF,
MVFD,
MVFG,
MVIS,
MVLL,
MVO,
MVPA,
MVPL,
MVRK,
MVRL,
MVST,
MVSTW,
MVT,
MVV,
MWA,
MWG,
MWYN,
MX,
MXC,
MXCT,
MXE,
MXF,
MXI,
MXL,
MYCF,
MYCG,
MYCH,
MYCI,
MYCJ,
MYCK,
MYCL,
MYCM,
MYCN,
MYD,
MYE,
MYFW,
MYGN,
MYI,
MYLD,
MYMF,
MYMG,
MYMH,
MYMI,
MYMJ,
MYMK,
MYN,
MYND,
MYNZ,
MYO,
MYPS,
MYPSW,
MYRG,
MYSE,
MYSEW,
MYSZ,
MYY,
MZTI,
MZZ,
NAN,
NAACU,
NAAS,
NABL,
NAC,
NACP,
NAD,
NAGE,
NAII,
NAIL,
NAK,
NAKA,
NAKAW,
NAMI,
NAMM,
NAMMW,
NAMS,
NAMSW,
NANC,
NANR,
NAOV,
NAPR,
NAT,
NATH,
NATL,
NATL-W,
NATO,
NATR,
NAUG,
NAUT,
NAVI,
NAZ,
NB,
NBB,
NBBK,
NBCE,
NBCM,
NBCR,
NBDS,
NBET,
NBFC,
NBGX,
NBH,
NBHC,
NBIS,
NBIX,
NBJP,
NBN,
NBO,
NBOS,
NBR,
NBSD,
NBSM,
NBTB,
NBTR,
NBTX,
NBW,
NBXG,
NBY,
NC,
NCA,
NCDL,
NCEW,
NCI,
NCIQ,
NCL,
NCLH,
NCMI,
NCNA,
NCNO,
NCPB,
NCPL,
NCPLW,
NCRA,
NCSM,
NCT,
NCTY,
NCV,
NCV-P-A,
NCZ,
NCZ-P-A,
NDAA,
NDAC,
NDACU,
NDACW,
NDAQ,
NDEC,
NDIA,
NDIV,
NDLS,
NDMO,
NDOW,
NDP,
NDRA,
NDSN,
NDVG,
NE,
NE-WS,
NE-WS-A,
NEA,
NEAR,
NEBX,
NECB,
NEE-P-Q,
NEE-P-R,
NEE-P-S,
NEE-P-T,
NEE-P-U,
NEEPN,
NEGG,
NEHCW,
NEM,
NEN,
NEO,
NEOG,
NEON,
NEOV,
NEOVW,
NEPH,
NERD,
NERV,
NESR,
NET,
NETD,
NETDU,
NETDW,
NETL,
NEU,
NEUP,
NEWP,
NEWT,
NEWTG,
NEWTH,
NEWTI,
NEWTZ,
NEWZ,
NEXA,
NEXM,
NEXN,
NEXT,
NFBK,
NFE,
NFEB,
NFG,
NFGC,
NFJ,
NFLP,
NFLT,
NFLU,
NFLW,
NFLY,
NFRA,
NFTY,
NFXL,
NFXS,
NFYS-U,
NG,
NGD,
NGG,
NGIO,
NGL,
NGL-P-B,
NGL-P-C,
NGNE,
NGS,
NGVC,
NGVT,
NHC,
NHI,
NHIC,
NHICU,
NHICW,
NHPAP,
NHPBP,
NHS,
NHTC,
NHYB,
NHYM,
NI,
NIC,
NICE,
NID,
NIE,
NIHI,
NIKL,
NIM,
NINE,
NIO,
NIOBW,
NIPG,
NIQ,
NISN,
NITE,
NITO,
NIU,
NIVF,
NIVFW,
NIXT,
NIXX,
NIXXW,
NJAN,
NJNK,
NJR,
NJUL,
NJUN,
NKEL,
NKEQ,
NKG,
NKSH,
NKTR,
NKTX,
NKX,
NL,
NLOP,
NLOP-W,
NLR,
NLSP,
NLSPW,
NLY,
NLY-P-F,
NLY-P-G,
NLY-P-I,
NMAI,
NMAR,
NMAX,
NMAY,
NMB,
NMCO,
NMFC,
NMFCZ,
NMG,
NMI,
NMIH,
NML,
NMM,
NMP,
NMPAR,
NMPAU,
NMR,
NMRA,
NMRK,
NMS,
NMT,
NMTC,
NMZ,
NN,
NNAVW,
NNBR,
NNDM,
NNE,
NNI,
NNN,
NNNN,
NNOV,
NNOX,
NNVC,
NNY,
NOA,
NOAC,
NOACU,
NOACW,
NOAH,
NOBL,
NOC,
NOCT,
NODK,
NOEM,
NOEMR,
NOEMU,
NOEMW,
NOG,
NOK,
NOM,
NOMD,
NORW,
NOTE,
NOTE-WS,
NOTV,
NOV,
NOVP,
NOVT,
NOVV,
NOVVR,
NOVVU,
NOVVW,
NOW,
NOWL,
NP,
NPAC,
NPACU,
NPACW,
NPB,
NPCE,
NPCT,
NPFD,
NPFI,
NPK,
NPKI,
NPO,
NPV,
NPWR,
NPWR-WS,
NQP,
NRC,
NRDS,
NRDY,
NREF,
NREF-P-A,
NRES,
NRG,
NRGD,
NRGU,
NRGV,
NRIM,
NRIX,
NRK,
NRO,
NRO-R,
NRO-R-W,
NRP,
NRSH,
NRSN,
NRSNW,
NRT,
NRUC,
NRXP,
NRXPW,
NRXS,
NSA,
NSA-P-A,
NSA-P-B,
NSC,
NSCI,
NSCR,
NSEP,
NSI,
NSIT,
NSL,
NSP,
NSPL,
NSPR,
NSRX,
NSSC,
NSTS,
NSYS,
NTAP,
NTB,
NTBL,
NTCL,
NTCT,
NTES,
NTEST,
NTEST-A,
NTEST-B,
NTEST-C,
NTEST-G,
NTEST-H,
NTEST-I,
NTEST-J,
NTEST-K,
NTEST-L,
NTEST-M,
NTEST-N,
NTEST-O,
NTEST-P,
NTEST-Q,
NTEST-Y,
NTEST-Z,
NTG,
NTGR,
NTHI,
NTIC,
NTIP,
NTLA,
NTNX,
NTR,
NTRA,
NTRB,
NTRBW,
NTRP,
NTRS,
NTRSO,
NTSE,
NTSI,
NTSK,
NTST,
NTSX,
NTWK,
NTWO,
NTWOU,
NTWOW,
NTZ,
NU,
NUAG,
NUAI,
NUAIW,
NUBD,
NUDM,
NUDV,
NUEM,
NUGO,
NUGT,
NUHY,
NUKK,
NUKKW,
NUKZ,
NULC,
NULG,
NULV,
NUMG,
NUMI,
NUMV,
NUO,
NURE,
NUS,
NUSA,
NUSB,
NUSC,
NUTR,
NUTX,
NUV,
NUVB,
NUVB-WS,
NUVL,
NUVO,
NUW,
NUWE,
NVA,
NVAWW,
NVAX,
NVBT,
NVBU,
NVBW,
NVCR,
NVCT,
NVD,
NVDD,
NVDG,
NVDL,
NVDO,
NVDQ,
NVDS,
NVDU,
NVDX,
NVDY,
NVEC,
NVFY,
NVG,
NVGS,
NVII,
NVIR,
NVMI,
NVNI,
NVNIW,
NVNO,
NVO,
NVR,
NVRI,
NVS,
NVSAU,
NVST,
NVT,
NVTS,
NVTX,
NVVE,
NVVEW,
NVW,
NVX,
NVYY,
NWBI,
NWE,
NWFL,
NWG,
NWGL,
NWL,
NWLG,
NWN,
NWPX,
NWS,
NWSA,
NWTG,
NX,
NXC,
NXDR,
NXDT,
NXDT-P-A,
NXE,
NXG,
NXG-R,
NXG-R-W,
NXGL,
NXGLW,
NXJ,
NXL,
NXN,
NXP,
NXPI,
NXPL,
NXPLW,
NXRT,
NXST,
NXT,
NXT(EXP20091224),
NXTC,
NXTE,
NXTG,
NXTI,
NXTT,
NXU,
NXUS,
NXXT,
NYAX,
NYC,
NYCB-P-U,
NYF,
NYMTH,
NYT,
NYXH,
NZAC,
NZF,
NZRO,
NZUS,
OABI,
OABIW,
OACC,
OACCU,
OACCW,
OACP,
OAEM,
OAIM,
OAK-P-A,
OAK-P-B,
OAKM,
OAKU,
OAKUR,
OAKUU,
OAKUW,
OALC,
OARK,
OASC,
OBA,
OBAWU,
OBAWW,
OBDC,
OBE,
OBIL,
OBIO,
OBK,
OBLG,
OBND,
OBOR,
OBT,
OC,
OCC,
OCCI,
OCCIN,
OCCIO,
OCFC,
OCFS,
OCFT,
OCG,
OCGN,
OCIO,
OCS,
OCSAW,
OCSL,
OCTH,
OCTJ,
OCTM,
OCTP,
OCTT,
OCTU,
OCTW,
OCTZ,
OCUL,
ODC,
ODD,
ODDS,
ODFL,
ODHY,
ODP,
ODV,
ODVWZ,
OEC,
OEF,
OEFA,
OESX,
OFAL,
OFG,
OFIX,
OFLX,
OFS,
OFSSH,
OFSSO,
OGCP,
OGE,
OGEN,
OGI,
OGIG,
OGN,
OGS,
OGSP,
OHI,
OHPA,
OHPAU,
OHPAW,
OI,
OIA,
OIH,
OII,
OILD,
OILK,
OILT,
OILU,
OIS,
OKE,
OKLL,
OKLO,
OKTA,
OKUR,
OKYO,
OLB,
OLED,
OLK,
OLLI,
OLMA,
OLN,
OLP,
OLPX,
OM,
OMAB,
OMAH,
OMC,
OMCC,
OMCL,
OMDA,
OMER,
OMEX,
OMF,
OMFL,
OMFS,
OMH,
OMI,
OMSE,
ON,
ONB,
ONBPO,
ONBPP,
ONC,
ONCH,
ONCHU,
ONCHW,
ONCO,
ONCT,
ONCY,
OND,
ONDS,
ONEG,
ONEO,
ONEQ,
ONEV,
ONEW,
ONEY,
ONEZ,
ONFO,
ONFOW,
ONIT,
ONL,
ONLN,
ONMD,
ONMDW,
ONOF,
ONON,
ONTF,
ONTO,
OOMA,
OOQB,
OOSB,
OOSP,
OOTO,
OP,
OPAD,
OPAL,
OPBK,
OPCH,
OPEN,
OPER,
OPFI,
OPFI-WS,
OPHC,
OPI,
OPINL,
OPK,
OPP,
OPP-P-A,
OPP-P-B,
OPP-P-C,
OPPE,
OPPJ,
OPRA,
OPRT,
OPRX,
OPT,
OPTN,
OPTT,
OPTX,
OPTXW,
OPTZ,
OPXS,
OPY,
OR,
ORA,
ORBS,
ORC,
ORGN,
ORGNW,
ORGO,
ORI,
ORIC,
ORIQ,
ORIQU,
ORIQW,
ORIS,
ORKA,
ORKT,
ORLA,
ORLY,
ORMP,
ORN,
ORR,
ORRF,
OS,
OSBC,
OSCR,
OSCV,
OSCX,
OSEA,
OSG,
OSIS,
OSK,
OSPN,
OSRH,
OSRHW,
OSS,
OST,
OSTX,
OSUR,
OSW,
OTEX,
OTF,
OTGAU,
OTGL,
OTIS,
OTLK,
OTLY,
OTMO,
OTMOW,
OTTR,
OUNZ,
OUSA,
OUSM,
OUST,
OUST-WS,
OUST-WS-A,
OUSTW,
OUSTZ,
OUT,
OVB,
OVBC,
OVF,
OVID,
OVL,
OVLH,
OVLY,
OVM,
OVS,
OVV,
OWL,
OWL-WS,
OWLT,
OWNB,
OWNS,
OXBR,
OXBRW,
OXLC,
OXLCG,
OXLCI,
OXLCL,
OXLCN,
OXLCO,
OXLCP,
OXLCZ,
OXM,
OXSQ,
OXSQG,
OXSQH,
OXUSU,
OXY-WS,
OYSE,
OYSER,
OYSEU,
OZ,
OZEM,
OZK,
OZKAP,
OZON,
PAA,
PAAA,
PAAS,
PAB,
PABD,
PABU,
PAC,
PACB,
PACH,
PACHU,
PACHW,
PACI-U,
PACK,
PACS,
PACWP,
PACX,
PACXW,
PAG,
PAGP,
PAGS,
PAHC,
PAI,
PAII,
PAII-U,
PAII-WS,
PAL,
PALC,
PALD,
PALI,
PALL,
PALU,
PAM,
PAMC,
PAMT,
PANL,
PANW,
PAPI,
PAPL,
PAPR,
PAR,
PARAP,
PARR,
PASG,
PASW,
PATH,
PATK,
PATN,
PAUG,
PAVE,
PAVM,
PAVS,
PAWZ,
PAX,
PAXS,
PAY,
PAYC,
PAYO,
PAYS,
PAYX,
PB,
PBA,
PBAP,
PBAU,
PBBK,
PBD,
PBDC,
PBDE,
PBE,
PBF,
PBFB,
PBFR,
PBFS,
PBH,
PBHC,
PBI,
PBI-P-B,
PBJ,
PBJA,
PBJL,
PBJN,
PBL,
PBM,
PBMR,
PBMWW,
PBMY,
PBNV,
PBOC,
PBP,
PBPB,
PBR,
PBR-A,
PBSE,
PBT,
PBTP,
PBUS,
PBW,
PBYI,
PC,
PCAP,
PCAPU,
PCAPW,
PCAR,
PCB,
PCCE,
PCCT,
PCCTU,
PCEF,
PCEM,
PCF,
PCFI,
PCG,
PCG-P-A,
PCG-P-B,
PCG-P-C,
PCG-P-D,
PCG-P-E,
PCG-P-G,
PCG-P-H,
PCG-P-I,
PCGG,
PCH,
PCHI,
PCIG,
PCLA,
PCLG,
PCLO,
PCM,
PCMM,
PCN,
PCOR,
PCQ,
PCR,
PCRB,
PCRX,
PCS,
PCSA,
PCSC,
PCT,
PCTTU,
PCTTW,
PCTY,
PCVX,
PCY,
PCYO,
PD,
PDBA,
PDBC,
PDCC,
PDD,
PDDL,
PDEC,
PDEX,
PDFS,
PDI,
PDLB,
PDM,
PDN,
PDO,
PDP,
PDS,
PDSB,
PDT,
PDX,
PDYN,
PDYNW,
PEB,
PEB-P-E,
PEB-P-F,
PEB-P-G,
PEB-P-H,
PEBK,
PEBO,
PECO,
PED,
PEGA,
PEJ,
PELI,
PELIR,
PELIU,
PEMX,
PEN,
PENG,
PENN,
PEO,
PEPG,
PEPLW,
PERF,
PERF-WS,
PERI,
PESI,
PETS,
PETZ,
PEW,
PEW-WS,
PEX,
PEXL,
PEY,
PEZ,
PFAI,
PFBC,
PFD,
PFEB,
PFEL,
PFES,
PFF,
PFFA,
PFFD,
PFFL,
PFFR,
PFFV,
PFG,
PFGC,
PFH,
PFI,
PFIG,
PFIS,
PFIX,
PFL,
PFLD,
PFLT,
PFM,
PFN,
PFO,
PFRL,
PFS,
PFSA,
PFSI,
PFUT,
PFX,
PFXF,
PFXNL,
PFXNZ,
PGAC,
PGACR,
PGACU,
PGC,
PGEN,
PGF,
PGHY,
PGJ,
PGNY,
PGP,
PGRE,
PGRO,
PGX,
PGY,
PGYWW,
PGZ,
PH,
PHAR,
PHAT,
PHB,
PHD,
PHDG,
PHEQ,
PHG,
PHGE,
PHGE-U,
PHH,
PHI,
PHIN,
PHIN-W,
PHIO,
PHK,
PHLT,
PHM,
PHO,
PHOE,
PHR,
PHUN,
PHVS,
PHX,
PHXE-P,
PHXM,
PHYD,
PHYL,
PHYS,
PI,
PICB,
PICK,
PID,
PIE,
PIEQ,
PIFI,
PII,
PIII,
PIIIW,
PILL,
PIM,
PIN,
PINC,
PINE,
PINK,
PINS,
PIO,
PIPE,
PIPR,
PIRS,
PIT,
PIZ,
PJAN,
PJBF,
PJFG,
PJFM,
PJFV,
PJIO,
PJP,
PJT,
PJUL,
PJUN,
PK,
PKB,
PKBK,
PKE,
PKG,
PKOH,
PKST,
PKW,
PKX,
PL,
PL-WS,
PLAB,
PLAG,
PLAY,
PLBC,
PLBL,
PLBY,
PLCE,
PLDR,
PLG,
PLM-R-W,
PLMI,
PLMIU,
PLMIW,
PLMK,
PLMKU,
PLMKW,
PLMR,
PLNT,
PLOO,
PLOW,
PLPC,
PLRX,
PLRZ,
PLSE,
PLT,
PLTA,
PLTD,
PLTG,
PLTK,
PLTM,
PLTR,
PLTS,
PLTU,
PLTW,
PLTY,
PLTZ,
PLUG,
PLUR,
PLUS,
PLUT,
PLX,
PLXS,
PLYM,
PMAR,
PMAX,
PMAY,
PMBS,
PMCB,
PMEC,
PMF,
PMI,
PMIO,
PML,
PMM,
PMMF,
PMN,
PMNT,
PMO,
PMT,
PMT-P-A,
PMT-P-B,
PMT-P-C,
PMTR,
PMTRU,
PMTRW,
PMTS,
PMTU,
PMTV,
PMTW,
PMVP,
PMX,
PN,
PNBK,
PNC,
PNF,
PNFP,
PNFPP,
PNI,
PNNT,
PNOV,
PNQI,
PNR,
PNRG,
PNST-WS,
PNTG,
PNW,
POAI,
POCI,
POCT,
PODC,
PODD,
POET,
POL-WS,
POLA,
POLE,
POLEU,
POLEW,
PONOU,
PONX,
PONY,
POOL,
POR,
POST,
POWA,
POWI,
POWL,
POWW,
POWWP,
PPA,
PPBT,
PPC,
PPEM,
PPG,
PPH,
PPIE,
PPIH,
PPL,
PPLT,
PPSI,
PPT,
PPTA,
PPTY,
PQDI,
PQJL,
PR,
PRA,
PRAA,
PRAE,
PRAX,
PRAY,
PRCH,
PRCS,
PRCT,
PRDO,
PRDS,
PRE,
PRE-P-J,
PREF,
PRENW,
PRF,
PRFD,
PRFX,
PRFZ,
PRG,
PRGO,
PRGS,
PRH,
PRHI,
PRHIZ,
PRI,
PRIF-P-D,
PRIF-P-I,
PRIF-P-J,
PRIF-P-K,
PRIF-P-L,
PRIM,
PRK,
PRKS,
PRLB,
PRLD,
PRM,
PRMB,
PRME,
PRN,
PRNT,
PRO,
PROF,
PROK,
PROV,
PRPH,
PRPL,
PRPO,
PRQR,
PRSD,
PRSO,
PRSU,
PRT,
PRTA,
PRTC,
PRTH,
PRTS,
PRU,
PRVA,
PRVS,
PRZO,
PSA-P-F,
PSA-P-G,
PSA-P-H,
PSA-P-I,
PSA-P-J,
PSA-P-K,
PSA-P-L,
PSA-P-M,
PSA-P-N,
PSA-P-O,
PSA-P-P,
PSA-P-Q,
PSA-P-R,
PSA-P-S,
PSBD,
PSC,
PSCC,
PSCD,
PSCE,
PSCF,
PSCH,
PSCI,
PSCJ,
PSCM,
PSCQ,
PSCT,
PSCU,
PSCW,
PSCX,
PSDM,
PSEC,
PSEC-P-A,
PSEP,
PSET,
PSF,
PSFD,
PSFE,
PSFE-WS,
PSFF,
PSFJ,
PSFM,
PSFO,
PSH,
PSHG,
PSI,
PSIG,
PSIL,
PSIX,
PSK,
PSKY,
PSL,
PSLV,
PSMD,
PSMJ,
PSMO,
PSMR,
PSMT,
PSN,
PSNL,
PSNY,
PSNYW,
PSO,
PSP,
PSQ,
PSQA,
PSQH,
PSQH-WS,
PSQO,
PSR,
PST,
PSTG,
PSTL,
PSTP,
PSTR,
PSTV,
PSTX,
PSWD,
PT,
PTA,
PTBD,
PTC,
PTCT,
PTEN,
PTEST,
PTEST-A,
PTEST-W,
PTEST-X,
PTEST-Y,
PTEU,
PTF,
PTGX,
PTH,
PTHL,
PTHR,
PTHRW,
PTHS,
PTIN,
PTIR,
PTIX,
PTIXW,
PTL,
PTLC,
PTLE,
PTLO,
PTMC,
PTNM,
PTNQ,
PTON,
PTRB,
PTRN,
PTWOU,
PTY,
PUBM,
PUI,
PUK,
PULM,
PULS,
PULT,
PUMP,
PUSH,
PUTD,
PVAL,
PVBC,
PVEX,
PVH,
PVI,
PVL,
PVLA,
PW,
PW-P-A,
PWB,
PWER,
PWM,
PWP,
PWR,
PWRD,
PWS,
PWV,
PWZ,
PX,
PXDT,
PXE,
PXF,
PXH,
PXI,
PXIU,
PXJ,
PXLW,
PXS,
PXSAW,
PY,
PYLD,
PYN,
PYPD,
PYPG,
PYPL,
PYPS,
PYPT,
PYPY,
PYR,
PYT,
PYXS,
PYZ,
PZA,
PZC,
PZG,
PZT,
PZZA,
QABA,
QAI,
QARP,
QAT,
QB,
QBER,
QBF,
QBIG,
QBTS,
QBTS-WS,
QBUF,
QBUL,
QCAP,
QCJL,
QCLN,
QCLR,
QCLS,
QCMD,
QCML,
QCMU,
QCOC,
QCOM,
QCRH,
QD,
QDEC,
QDEF,
QDEL,
QDF,
QDIV,
QDPL,
QDTE,
QDTY,
QDVO,
QDYN,
QEFA,
QEMM,
QETA,
QETAR,
QETAU,
QETH,
QFIN,
QFLR,
QGEN,
QGRD,
QGRO,
QGRW,
QH,
QHDG,
QHY,
QID,
QIDX,
QIG,
QINT,
QIPT,
QIS,
QJUN,
QLC,
QLD,
QLGN,
QLTA,
QLTI,
QLTY,
QLV,
QLVD,
QLVE,
QLYS,
QMAG,
QMAR,
QMCO,
QMID,
QMMM,
QMMY,
QMOM,
QNCX,
QNRX,
QNST,
QNTM,
QNXT,
QOWZ,
QPUX,
QPX,
QQA,
QQDN,
QQEW,
QQH,
QQHG,
QQJG,
QQLV,
QQMG,
QQQ,
QQQA,
QQQD,
QQQE,
QQQG,
QQQH,
QQQI,
QQQJ,
QQQM,
QQQP,
QQQS,
QQQT,
QQQU,
QQQX,
QQQY,
QQUP,
QQXL,
QQXT,
QRFT,
QRHC,
QRMI,
QRVO,
QS,
QSEA,
QSEAR,
QSEAU,
QSG,
QSI,
QSIAW,
QSIG,
QSIX,
QSML,
QSPT,
QSR,
QTAP,
QTEC,
QTJA,
QTJL,
QTNT,
QTOC,
QTOP,
QTR,
QTRX,
QTTB,
QTUM,
QTWO,
QUAD,
QUAL,
QUBT,
QUIK,
QUIZ,
QULL,
QUMS,
QUMSR,
QUMSU,
QURE,
QUS,
QUSA,
QUVU,
QVAL,
QVCC,
QVCD,
QVCGA,
QVCGP,
QVML,
QVMM,
QVMS,
QVOY,
QWLD,
QWST,
QXO,
QXQ,
QYLD,
QYLG,
R,
RA,
RAAA,
RAAQ,
RAAQU,
RAAQW,
RAAX,
RAC-U,
RAC-WS,
RACE,
RAFE,
RAIL,
RAINW,
RAL-W,
RAMMU,
RAMP,
RAND,
RANG,
RANGR,
RANGU,
RANI,
RAPP,
RAPT,
RARE,
RAVE,
RAVI,
RAY,
RAYA,
RAYC,
RAYD,
RAYE,
RAYJ,
RB,
RBA,
RBB,
RBBN,
RBC,
RBCAA,
RBCP,
RBKB,
RBLD,
RBLU,
RBLX,
RBLY,
RBNE,
RBNEV,
RBOT,
RBOT-WS,
RBRK,
RBT-WS,
RBUF,
RC,
RC-P-C,
RC-P-E,
RCAT,
RCB,
RCC,
RCD,
RCEL,
RCFA-U,
RCG,
RCI,
RCKT,
RCKTW,
RCKY,
RCL,
RCLFU,
RCM,
RCMT,
RCON,
RCOR-WS,
RCS,
RCT,
RCTR,
RCUS,
RDAC,
RDACR,
RDACU,
RDAG,
RDAGU,
RDAGW,
RDCM,
RDDT,
RDFI,
RDFN,
RDGT,
RDHL,
RDI,
RDIB,
RDIV,
RDN,
RDNT,
RDNW,
RDOG,
RDTE,
RDTL,
RDTY,
RDVI,
RDVT,
RDVY,
RDW,
RDW-WS,
RDWR,
RDY,
RDYY,
RDZN,
RDZNW,
REAI,
REAL,
REAX,
REBN,
RECS,
RECT,
REE,
REET,
REFI,
REFR,
REG,
REGCO,
REGCP,
REGL,
REGN,
REI,
REIT,
REK,
REKR,
REKT,
RELI,
RELIW,
RELL,
RELX,
RELY,
REM,
REMG,
REMX,
RENB,
RENT,
REPL,
REPX,
RERE,
RES,
RETL,
RETO,
REUN,
REVB,
REVBW,
REVG,
REVS,
REW,
REX,
REXR,
REXR-P-B,
REXR-P-C,
REYN,
REZ,
REZI,
RF,
RF-P-C,
RF-P-E,
RFAI,
RFAIR,
RFAIU,
RFCI,
RFDA,
RFDI,
RFEM,
RFEU,
RFFC,
RFG,
RFI,
RFIL,
RFIX,
RFL,
RFL-WS,
RFLR,
RFM,
RFMZ,
RFV,
RGA,
RGC,
RGCO,
RGEF,
RGEN,
RGLD,
RGLS,
RGNX,
RGP,
RGR,
RGT,
RGTI,
RGTIW,
RH,
RHI,
RHLD,
RHLDV,
RHP,
RHRX,
RHTX,
RIBB,
RIBBR,
RIBBU,
RICK,
RIET,
RIG,
RIGL,
RIGS,
RILA,
RILY,
RILYG,
RILYK,
RILYL,
RILYN,
RILYP,
RILYT,
RILYZ,
RIME,
RINF,
RING,
RIO,
RIOT,
RISN,
RISR,
RITA,
RITM,
RITM-P-A,
RITM-P-B,
RITM-P-C,
RITM-P-D,
RITR,
RIV,
RIV-P-A,
RIVN,
RJDI,
RJF,
RJF-P-B,
RJMG,
RJMI,
RJVI,
RKDA,
RKLB,
RKLX,
RKT,
RL,
RLAY,
RLGT,
RLI,
RLJ,
RLJ-P-A,
RLMD,
RLTY,
RLX,
RLY,
RLYB,
RM,
RMAX,
RMBI,
RMBS,
RMCA,
RMCF,
RMCO,
RMCOW,
RMD,
RMI,
RMIF,
RMM,
RMMZ,
RMNI,
RMNY,
RMOP,
RMR,
RMSG,
RMSGW,
RMT,
RMTI,
RNA,
RNAC,
RNAZ,
RND,
RNDM,
RNEM,
RNERU,
RNG,
RNGR,
RNLX,
RNP,
RNR,
RNR-P-F,
RNR-P-G,
RNRG,
RNST,
RNTX,
RNW,
RNWK,
RNWWW,
RNWZ,
RNXT,
ROAD,
ROAM,
ROBN,
ROBO,
ROBT,
ROC,
ROCAU,
ROCK,
RODM,
ROE,
ROG,
ROI,
ROIV,
ROK,
ROKT,
ROKU,
ROL,
ROLR,
ROM,
ROMA,
ROMO,
ROOT,
ROP,
RORO,
ROSC,
ROSS,
ROSS-U,
ROSS-WS,
ROST,
ROUS,
RPAR,
RPAY,
RPD,
RPG,
RPHS,
RPID,
RPM,
RPRX,
RPT,
RPTX,
RPV,
RQI,
RR,
RRBI,
RRC,
RRGB,
RRR,
RRX,
RS,
RSBA,
RSBT,
RSBY,
RSEE,
RSF,
RSF-R,
RSF-R-W,
RSG,
RSHO,
RSI,
RSJN,
RSKD,
RSMC,
RSP,
RSPA,
RSPC,
RSPD,
RSPE,
RSPF,
RSPG,
RSPH,
RSPM,
RSPN,
RSPR,
RSPS,
RSPT,
RSPU,
RSSB,
RSSE,
RSSL,
RSSS,
RSST,
RSSX,
RSSY,
RSVR,
RSVRW,
RTAC,
RTACU,
RTACW,
RTAI,
RTH,
RTO,
RTRE,
RTXG,
RUBI,
RULE,
RUM,
RUMBW,
RUN,
RUNN,
RUSHA,
RUSHB,
RUSS,
RVER,
RVLV,
RVMD,
RVMDW,
RVNC,
RVNU,
RVP,
RVPH,
RVPHW,
RVRB,
RVSB,
RVSN,
RVSNW,
RVT,
RVTY,
RVYL,
RWAY,
RWAYL,
RWAYZ,
RWJ,
RWK,
RWL,
RWM,
RWO,
RWR,
RWT,
RWT-P-A,
RWTN,
RWTO,
RWTP,
RWX,
RXD,
RXDX,
RXI,
RXL,
RXO,
RXRX,
RXST,
RXT,
RY,
RYAAY,
RYAM,
RYAN,
RYDE,
RYET,
RYI,
RYLD,
RYLG,
RYM,
RYN,
RYOJ,
RYSE,
RYTM,
RZB,
RZC,
RZG,
RZLT,
RZLV,
RZLVW,
RZV,
S,
SA,
SAA,
SABA,
SABR,
SABRP,
SABS,
SABSW,
SACH,
SACH-P-A,
SAEF,
SAFE,
SAFT,
SAFX,
SAGP,
SAGT,
SAH,
SAIA,
SAIC,
SAIH,
SAIHW,
SAIL,
SAJ,
SAM,
SAMAU,
SAMG,
SAMM,
SAMT,
SAN,
SANA,
SAND,
SANG,
SANM,
SAP,
SAR,
SARK,
SARO,
SASI,
SAT,
SATL,
SATLW,
SATO,
SATS,
SATX,
SATX-WS-A,
SAUG,
SAVA,
SAWG,
SAWS,
SAY,
SAZ,
SB,
SB-P-C,
SB-P-D,
SBAC,
SBAR,
SBB,
SBC,
SBCF,
SBCWW,
SBDS,
SBET,
SBEV,
SBFG,
SBFM,
SBFMW,
SBGI,
SBH,
SBI,
SBIGW,
SBIL,
SBIO,
SBIT,
SBLK,
SBLX,
SBND,
SBR,
SBRA,
SBS,
SBSI,
SBSW,
SBXD,
SBXD-U,
SBXD-WS,
SCAG,
SCAGW,
SCAP,
SCAQU,
SCC,
SCCC,
SCCD,
SCCE,
SCCF,
SCCG,
SCCR,
SCD,
SCD-R,
SCD-R-W,
SCDL,
SCDS,
SCE-P-G,
SCE-P-J,
SCE-P-K,
SCE-P-L,
SCHA,
SCHB,
SCHC,
SCHD,
SCHE,
SCHF,
SCHG,
SCHH,
SCHI,
SCHJ,
SCHK,
SCHL,
SCHM,
SCHO,
SCHP,
SCHQ,
SCHR,
SCHV,
SCHW,
SCHW-P-D,
SCHW-P-J,
SCHX,
SCHY,
SCHZ,
SCI,
SCIO,
SCJ,
SCKT,
SCL,
SCLX,
SCLXW,
SCLZ,
SCM,
SCMA,
SCMAU,
SCMAW,
SCMB,
SCNI,
SCNX,
SCO,
SCOR,
SCPH,
SCPX,
SCS,
SCSC,
SCU,
SCUS,
SCVL,
SCWO,
SCY,
SCYB,
SCYX,
SCZ,
SD,
SDA,
SDACU,
SDAWW,
SDCI,
SDD,
SDEM,
SDFI,
SDG,
SDGR,
SDHC,
SDHI,
SDHIR,
SDHIU,
SDHY,
SDIV,
SDM,
SDOG,
SDOT,
SDOW,
SDP,
SDRL,
SDS,
SDSI,
SDST,
SDSTW,
SDTY,
SDVD,
SDVY,
SDY,
SE,
SEA,
SEAL-P-A,
SEAL-P-B,
SEAT,
SEATW,
SEB,
SECR,
SECT,
SEDA-U,
SEDA-WS,
SEDG,
SEE,
SEED,
SEEM,
SEER,
SEF,
SEG-R,
SEG-R-W,
SEG-W,
SEGG,
SEI,
SEIC,
SEIE,
SEIM,
SEIQ,
SEIS,
SEIV,
SEIX,
SELF,
SELV,
SELX,
SEM,
SEM-W,
SEMG,
SEMI,
SEMR,
SENEA,
SENEB,
SENS,
SENT,
SEPM,
SEPN,
SEPP,
SEPT,
SEPU,
SEPW,
SEPZ,
SER,
SERA,
SERV,
SES,
SES-WS,
SESG,
SETH,
SETM,
SEVN,
SEZL,
SF,
SF-P-B,
SF-P-C,
SF-P-D,
SFB,
SFBC,
SFBS,
SFD,
SFEB,
SFHG,
SFIX,
SFL,
SFLO,
SFLR,
SFM,
SFNC,
SFRT,
SFRTW,
SFST,
SFTY,
SFWL,
SFY,
SFYF,
SFYX,
SG,
SGA,
SGBX,
SGBXV,
SGC,
SGD,
SGDJ,
SGDM,
SGDVV,
SGHC,
SGHT,
SGI,
SGLC,
SGLY,
SGML,
SGMO,
SGMT,
SGN,
SGOL,
SGOV,
SGRP,
SGRY,
SGTX,
SGU,
SH,
SHAG,
SHAK,
SHBI,
SHC,
SHCAU,
SHCO,
SHDG,
SHE,
SHEL,
SHEN,
SHFS,
SHFSW,
SHG,
SHIM,
SHIP,
SHLD,
SHLS,
SHLT,
SHM,
SHMD,
SHMDW,
SHNY,
SHO,
SHO-P-H,
SHO-P-I,
SHOC,
SHOO,
SHOP,
SHOT,
SHOTW,
SHPD,
SHPH,
SHPP,
SHPU,
SHRT,
SHRY,
SHUS,
SHV,
SHY,
SHYD,
SHYF,
SHYG,
SHYL,
SHYM,
SI,
SIBN,
SID,
SIDU,
SIEB,
SIF,
SIFI,
SIFY,
SIFYR,
SIG,
SIGA,
SIGI,
SIGIP,
SIHY,
SII,
SIJ,
SIL,
SILC,
SILJ,
SIM,
SIMA,
SIMAU,
SIMAW,
SIMO,
SIMS,
SINT,
SIO,
SION,
SIRI,
SISI,
SITC,
SITC-W,
SITE,
SITM,
SIVR,
SIX,
SIXA,
SIXD,
SIXF,
SIXG,
SIXH,
SIXJ,
SIXL,
SIXO,
SIXP,
SIXS,
SIXZ,
SIZE,
SJ,
SJB,
SJCP,
SJLD,
SJM,
SJNK,
SJT,
SKBL,
SKE,
SKF,
SKIL,
SKIN,
SKK,
SKLZ,
SKM,
SKOR,
SKRE,
SKT,
SKWD,
SKY,
SKYE,
SKYH,
SKYH-WS,
SKYHWS,
SKYQ,
SKYT,
SKYU,
SKYW,
SKYX,
SKYY,
SLAB,
SLDB,
SLDE,
SLDP,
SLDPW,
SLDR,
SLE,
SLF,
SLG,
SLG-P-I,
SLGC,
SLGCW,
SLGL,
SLGN,
SLI,
SLJY,
SLM,
SLMBP,
SLN,
SLND,
SLND-WS,
SLNG,
SLNH,
SLNHP,
SLNO,
SLNZ,
SLON,
SLP,
SLQD,
SLQT,
SLRC,
SLRN,
SLRX,
SLS,
SLSN,
SLTY,
SLV,
SLVM,
SLVO,
SLVP,
SLVRU,
SLX,
SLXN,
SLXNW,
SLYG,
SLYV,
SM,
SMA,
SMAP,
SMAX,
SMAY,
SMB,
SMBC,
SMBK,
SMBS,
SMC,
SMCC,
SMCF,
SMCI,
SMCL,
SMCO,
SMCX,
SMCY,
SMCZ,
SMDD,
SMDV,
SMDX,
SMFG,
SMG,
SMH,
SMHB,
SMHI,
SMHX,
SMID,
SMIG,
SMIN,
SMIZ,
SMLF,
SMLL,
SMLR,
SMLV,
SMMD,
SMMT,
SMMU,
SMMV,
SMN,
SMOG,
SMOT,
SMP,
SMPL,
SMR,
SMR-WS,
SMRI,
SMRT,
SMSI,
SMST,
SMTC,
SMTH,
SMTI,
SMU,
SMUP,
SMWB,
SMX,
SMXT,
SMXWW,
SN,
SNA,
SNAL,
SNAP,
SNAV,
SNBR,
SNCR,
SNCY,
SND,
SNDA,
SNDK,
SNDKV,
SNDL,
SNDR,
SNDX,
SNES,
SNEX,
SNFCA,
SNGX,
SNN,
SNOA,
SNOW,
SNOY,
SNPD,
SNPE,
SNPG,
SNPS,
SNPV,
SNRE,
SNREV,
SNSE,
SNSR,
SNT,
SNTG,
SNTH,
SNTI,
SNV,
SNV-P-D,
SNV-P-E,
SNX,
SNY,
SNYR,
SOAR,
SOAR-WS,
SOBR,
SOC,
SOC-WS,
SOCA,
SOCAU,
SOCAW,
SOCL,
SOF,
SOFI,
SOFL,
SOFR,
SOGP,
SOGU,
SOHO,
SOHOB,
SOHON,
SOHOO,
SOHU,
SOJC,
SOJD,
SOJE,
SOJF,
SOL,
SOLO,
SOLOW,
SOLR,
SOLT,
SOLV,
SOLV-W,
SOLZ,
SON,
SOND,
SONDW,
SONM,
SONN,
SONO,
SONY,
SOPA,
SOPH,
SOQ,
SOR,
SORA,
SOTK,
SOUL-R,
SOUL-U,
SOUN,
SOUNW,
SOVF,
SOXL,
SOXQ,
SOXS,
SOXX,
SOYB,
SPAB,
SPAI,
SPAM,
SPAQ,
SPB,
SPBC,
SPBO,
SPBU,
SPBW,
SPBX,
SPC,
SPCB,
SPCE,
SPCT,
SPCX,
SPCY,
SPCZ,
SPD,
SPDG,
SPDN,
SPDV,
SPDW,
SPE,
SPE-P-C,
SPEG,
SPEGR,
SPEGU,
SPEM,
SPEU,
SPFF,
SPFI,
SPG-P-J,
SPGI,
SPGM,
SPGP,
SPH,
SPHA,
SPHAR,
SPHB,
SPHD,
SPHL,
SPHQ,
SPHR,
SPHR-W,
SPHY,
SPIB,
SPIN,
SPIP,
SPIR,
SPKBU,
SPKL,
SPKLU,
SPKLW,
SPKX,
SPKY,
SPLB,
SPLG,
SPLV,
SPMB,
SPMC,
SPMD,
SPME,
SPMO,
SPMV,
SPNS,
SPNT,
SPNT-P-B,
SPOK,
SPOT,
SPPI,
SPPL,
SPPP,
SPR,
SPRC,
SPRE,
SPRO,
SPRU,
SPRX,
SPRY,
SPSB,
SPSC,
SPSK,
SPSM,
SPT,
SPTB,
SPTE,
SPTI,
SPTK,
SPTKW,
SPTL,
SPTM,
SPTS,
SPUC,
SPUS,
SPUT,
SPUU,
SPVM,
SPVU,
SPWH,
SPWO,
SPWR,
SPWRW,
SPXC,
SPXD,
SPXE,
SPXL,
SPXM,
SPXN,
SPXS,
SPXT,
SPXU,
SPXV,
SPXX,
SPY,
SPYA,
SPYC,
SPYD,
SPYG,
SPYH,
SPYI,
SPYQ,
SPYT,
SPYU,
SPYV,
SPYX,
SQEW,
SQFT,
SQFTP,
SQFTW,
SQLV,
SQM,
SQNS,
SQQQ,
SR,
SR-P-A,
SRAD,
SRAX,
SRBK,
SRCE,
SRDX,
SREA,
SRET,
SRFM,
SRG,
SRG-P-A,
SRHQ,
SRHR,
SRI,
SRL,
SRLN,
SRM,
SROI,
SRPT,
SRRK,
SRS,
SRTA,
SRTAW,
SRTS,
SRTY,
SRV,
SRV-R,
SRV-R-W,
SRVR,
SRXH,
SRZN,
SRZNW,
SSB,
SSBI,
SSBK,
SSD,
SSEA,
SSEAR,
SSEAU,
SSFI,
SSG,
SSII,
SSKN,
SSL,
SSNC,
SSO,
SSP,
SSPX,
SSPY,
SSRM,
SSSS,
SSSSL,
SST,
SST-WS,
SSTI,
SSTK,
SSUS,
SSXU,
SSYS,
ST,
STAA,
STAG,
STAK,
STAX,
STBA,
STBF,
STBX,
STC,
STCE,
STE,
STEC,
STEL,
STEM,
STEN,
STEP,
STEW,
STEX,
STFS,
STG,
STGW,
STHO,
STHOV,
STI,
STIM,
STIP,
STK,
STKH,
STKL,
STKS,
STLA,
STLD,
STLV,
STM,
STN,
STNC,
STNE,
STNG,
STOK,
STOT,
STOX,
STPZ,
STRA,
STRC,
STRL,
STRN,
STRO,
STRR,
STRRP,
STRS,
STRT,
STRV,
STRW,
STRZ,
STSB,
STSS,
STSSW,
STT,
STT-P-G,
STTK,
STUB,
STVN,
STWD,
STX,
STXD,
STXE,
STXG,
STXI,
STXK,
STXM,
STXS,
STXT,
STXV,
STZ,
STZ-B,
SU,
SUB,
SUGP,
SUI,
SUIG,
SUN,
SUNE,
SUNS,
SUNSV,
SUPL,
SUPN,
SUPP,
SUPV,
SUPX,
SURE,
SURF,
SURG,
SURI,
SUSA,
SUSB,
SUSC,
SUSL,
SUUN,
SUZ,
SVA,
SVAC,
SVACU,
SVACW,
SVAL,
SVC,
SVCC,
SVCCU,
SVCCW,
SVCO,
SVFAU,
SVII,
SVIIR,
SVIIU,
SVIIW,
SVIX,
SVM,
SVNAU,
SVOL,
SVRA,
SVRE,
SVREW,
SVT,
SVV,
SVXY,
SW,
SWAG,
SWAGW,
SWAN,
SWBI,
SWEB,
SWET,
SWETU,
SWETW,
SWIM,
SWIN,
SWK,
SWKH,
SWKHL,
SWKS,
SWP,
SWTX,
SWVL,
SWVLW,
SWX,
SWZ,
SXC,
SXI,
SXQG,
SXT,
SXTC,
SXTP,
SXTPW,
SY,
SYBT,
SYBX,
SYF,
SYF-P-A,
SYFI,
SYK,
SYLD,
SYM,
SYNA,
SYNB,
SYNX,
SYPR,
SYRA,
SYRE,
SYSB,
SYT,
SYTA,
SYTAW,
SYY,
SYZ,
SZK,
SZNE,
SZZL,
SZZLR,
SZZLU,
T-P-A,
T-P-C,
TAC,
TACH,
TACHU,
TACHW,
TACK,
TACO,
TACOU,
TACOW,
TACT,
TAFI,
TAFL,
TAFM,
TAGG,
TAGS,
TAIL,
TAIT,
TAK,
TAL,
TALK,
TALKW,
TALO,
TAN,
TANH,
TANNI,
TANNL,
TANNZ,
TAOP,
TAOX,
TAP,
TAP-A,
TAPR,
TARA,
TARK,
TARS,
TASK,
TATT,
TAVI,
TAVIR,
TAVIU,
TAX,
TAXE,
TAXF,
TAXI,
TAXM,
TAXS,
TAXT,
TAXX,
TAYD,
TBB,
TBBB,
TBBK,
TBC,
TBCH,
TBF,
TBFC,
TBFG,
TBG,
TBH,
TBHC,
TBI,
TBIL,
TBJL,
TBLA,
TBLAW,
TBLD,
TBLL,
TBLU,
TBMC,
TBMCR,
TBMCU,
TBN,
TBPH,
TBRG,
TBSA,
TBSAU,
TBSAW,
TBT,
TBUX,
TBX,
TBXU,
TC,
TCAF,
TCBC,
TCBI,
TCBIO,
TCBK,
TCBS,
TCBX,
TCDA,
TCHI,
TCHP,
TCI,
TCMD,
TCOM,
TCPC,
TCRT,
TCRX,
TCVA,
TCX,
TD,
TDAC,
TDACU,
TDC,
TDF,
TDG,
TDI,
TDIC,
TDIV,
TDOC,
TDS,
TDS-P-U,
TDS-P-V,
TDSA,
TDSB,
TDSC,
TDSD,
TDSE,
TDTF,
TDTH,
TDTT,
TDUP,
TDV,
TDVG,
TDVI,
TDW,
TDY,
TE,
TE-WS,
TEAD,
TEAF,
TEAM,
TECB,
TECH,
TECK,
TECL,
TECS,
TECTP,
TECX,
TEF,
TEI,
TEK,
TEKX,
TEKY,
TEL,
TELA,
TELO,
TEM,
TEMP,
TEN,
TEN-P-E,
TEN-P-F,
TENB,
TENX,
TEO,
TEQI,
TER,
TERN,
TESL,
TETH,
TEVA,
TEWS,
TEX,
TEXN,
TEXU,
TFC,
TFC-P-I,
TFC-P-O,
TFC-P-R,
TFI,
TFII,
TFIN,
TFIN-P,
TFINP,
TFJL,
TFLO,
TFLR,
TFPM,
TFPN,
TFSA,
TFSL,
TFX,
TG,
TGB,
TGE,
TGE-WS,
TGHL,
TGI,
TGL,
TGLR,
TGLS,
TGNA,
TGR-WS,
TGRT,
TGRW,
TGS,
TGTX,
TH,
THACU,
THAR,
THC,
THCH,
THCHW,
THD,
THFF,
THG,
THH,
THIR,
THLV,
THM,
THNQ,
THNR,
THO,
THQ,
THR,
THRD,
THRM,
THRN,
THRO,
THRY,
THS,
THTX,
THW,
THY,
THYF,
TIC,
TIER,
TIGO,
TIGR,
TIL,
TILE,
TILL,
TILT,
TIMB,
TIME,
TINT,
TINY,
TIP,
TIPA,
TIPB,
TIPC,
TIPD,
TIPT,
TIPX,
TIPZ,
TIRX,
TISI,
TITN,
TIVC,
TIXT,
TJAN,
TJUL,
TJUN,
TJX,
TK,
TKC,
TKLF,
TKNO,
TKO,
TKR,
TLF,
TLH,
TLIH,
TLK,
TLNCU,
TLPH,
TLRY,
TLS,
TLSA,
TLSI,
TLSIW,
TLT,
TLTD,
TLTE,
TLTI,
TLTP,
TLTW,
TLX,
TLYS,
TM,
TMAC,
TMAC-U,
TMAR,
TMAT,
TMC,
TMCI,
TMCWW,
TMDE,
TMDI,
TMDV,
TMDX,
TME,
TMET,
TMF,
TMFC,
TMFE,
TMFG,
TMFM,
TMFS,
TMFX,
TMHC,
TMP,
TMQ,
TMSL,
TMUSI,
TMUSL,
TMUSZ,
TMV,
TNA,
TNC,
TNDM,
TNET,
TNGX,
TNGY,
TNK,
TNL,
TNMG,
TNON,
TNONW,
TNXP,
TNYA,
TOACU,
TOAK,
TOCT,
TOGA,
TOI,
TOIIW,
TOK,
TOKE,
TOL,
TOLL,
TOLZ,
TOMZ,
TONX,
TOON,
TOP,
TOPC,
TOPP,
TOPS,
TOPT,
TOPW,
TORO,
TOROV,
TOST,
TOTL,
TOTR,
TOUR,
TOUS,
TOVX,
TOWN,
TOYO,
TPB,
TPC,
TPCS,
TPET,
TPG,
TPGXL,
TPH,
TPHD,
TPHE,
TPIF,
TPL,
TPLC,
TPLE,
TPLS,
TPMN,
TPOR,
TPR,
TPSC,
TPST,
TPTA,
TPVG,
TPYP,
TPZ,
TQQQ,
TQQY,
TR,
TRAK,
TRAW,
TRC,
TRDA,
TREE,
TREX,
TRFK,
TRFM,
TRGP,
TRI,
TRIB,
TRIL,
TRIN,
TRINI,
TRINZ,
TRIP,
TRMB,
TRMD,
TRMK,
TRML,
TRN,
TRND,
TRNO,
TRNR,
TRNS,
TRON,
TROO,
TROW,
TROX,
TRP,
TRPA,
TRS,
TRSG,
TRST,
TRSY,
TRT,
TRTN-P-A,
TRTN-P-B,
TRTN-P-C,
TRTN-P-D,
TRTN-P-E,
TRTX,
TRTX-P-C,
TRTY,
TRU,
TRUE,
TRUG,
TRUP,
TRV,
TRVG,
TRVI,
TRX,
TS,
TSAT,
TSBK,
TSCO,
TSDD,
TSE,
TSEC,
TSEL,
TSEM,
TSEP,
TSHA,
TSI,
TSIB,
TSIBU,
TSIBW,
TSII,
TSL,
TSLG,
TSLI,
TSLL,
TSLO,
TSLP,
TSLQ,
TSLR,
TSLS,
TSLT,
TSLV,
TSLX,
TSLY,
TSLZ,
TSM,
TSME,
TSMG,
TSMU,
TSMX,
TSMY,
TSMZ,
TSN,
TSPA,
TSPY,
TSQ,
TSSI,
TSW,
TSXD,
TSXU,
TSYY,
TT,
TTAM,
TTAN,
TTC,
TTD,
TTDU,
TTE,
TTEC,
TTEK,
TTEQ,
TTGT,
TTI,
TTMI,
TTNP,
TTP,
TTSH,
TTT,
TTWO,
TTXD,
TTXU,
TU,
TUA,
TUG,
TUGN,
TUNE,
TUR,
TURB,
TUSI,
TUSK,
TUYA,
TV,
TVA,
TVACU,
TVACW,
TVAI,
TVAIR,
TVAIU,
TVAL,
TVC,
TVE,
TVGN,
TVGNW,
TVRD,
TVTX,
TW,
TWCB,
TWCBU,
TWCBW,
TWFG,
TWG,
TWI,
TWIN,
TWKS,
TWLO,
TWM,
TWN,
TWNP,
TWNPV,
TWO,
TWO-P-A,
TWO-P-B,
TWO-P-C,
TWOD,
TWST,
TX,
TXG,
TXMD,
TXN,
TXNM,
TXO,
TXRH,
TXS,
TXSS,
TXT,
TXUE,
TXUG,
TXXI,
TY,
TY-P,
TYA,
TYD,
TYG,
TYGO,
TYL,
TYLD,
TYLG,
TYO,
TYRA,
TZA,
TZOO,
U,
UA,
UAA,
UAE,
UAL,
UAMY,
UAN,
UAPR,
UAUG,
UAVS,
UBCP,
UBER,
UBFO,
UBR,
UBRL,
UBS,
UBSI,
UBT,
UBXG,
UCAR,
UCB,
UCBI,
UCC,
UCFI,
UCFIW,
UCIB,
UCL,
UCO,
UCON,
UCTT,
UCYB,
UDEC,
UDI,
UDIV,
UDMY,
UDN,
UDOW,
UDR,
UE,
UEC,
UEIC,
UEVM,
UFCS,
UFEB,
UFG,
UFI,
UFIV,
UFO,
UFPI,
UFPT,
UG,
UGA,
UGE,
UGI,
UGL,
UGP,
UGRO,
UHAL,
UHAL-B,
UHG,
UHGWW,
UHS,
UHT,
UI,
UIS,
UITB,
UIVM,
UJAN,
UJB,
UJUL,
UJUN,
UK,
UKOMW,
UL,
ULBI,
ULCC,
ULE,
ULH,
ULS,
ULST,
ULTA,
ULTY,
ULVM,
ULY,
UMAC,
UMAR,
UMAY,
UMBF,
UMBFP,
UMC,
UMDD,
UMH,
UMH-P-D,
UMI,
UMMA,
UNAMQ,
UNB,
UNCY,
UNF,
UNFI,
UNG,
UNHG,
UNIT,
UNIY,
UNL,
UNM,
UNMA,
UNOV,
UNTY,
UNX,
UOCT,
UOKA,
UONE,
UONEK,
UP,
UPAR,
UPB,
UPBD,
UPC,
UPGD,
UPGR,
UPLD,
UPRO,
UPSD,
UPST,
UPV,
UPW,
UPWK,
UPXI,
URA,
URAA,
URAN,
URBN,
URE,
URG,
URGN,
URI,
URNJ,
URNM,
UROY,
URSP,
URTH,
URTY,
USA,
USAC,
USAI,
USAR,
USARW,
USAS,
USAU,
USB-P-A,
USB-P-H,
USB-P-P,
USB-P-Q,
USB-P-R,
USB-P-S,
USBC,
USCA,
USCB,
USCI,
USCL,
USD,
USDU,
USDX,
USE,
USEA,
USEG,
USEP,
USFD,
USFI,
USFR,
USG,
USGO,
USGOW,
USHY,
USIG,
USIN,
USIO,
USL,
USLM,
USMC,
USMF,
USML,
USMV,
USNA,
USNZ,
USO,
USOI,
USOY,
USPH,
USPX,
USRD,
USRT,
USSE,
USSG,
USSH,
UST,
USTB,
USVM,
USVN,
USX,
USXF,
UTAA,
UTAAU,
UTEN,
UTES,
UTF,
UTF-R,
UTF-R-W,
UTG,
UTHR,
UTHY,
UTI,
UTL,
UTMD,
UTRE,
UTSI,
UTSL,
UTWO,
UTWY,
UTZ,
UUP,
UUU,
UUUU,
UVE,
UVIX,
UVSP,
UVV,
UVXY,
UWM,
UWMC,
UWMC-WS,
UXI,
UXIN,
UXJL,
UXOC,
UXRP,
UYG,
UYLD,
UYM,
UYSC,
UYSCR,
UYSCU,
UZD,
UZE,
UZF,
V,
VABK,
VABS,
VAC,
VACH,
VACHU,
VACHW,
VAL,
VAL-WS,
VALE,
VALN,
VALQ,
VALU,
VAMO,
VANI,
VATE,
VATE-R,
VAW,
VB,
VBF,
VBIL,
VBK,
VBND,
VBNK,
VBR,
VBTX,
VC,
VCEB,
VCEL,
VCIC,
VCICU,
VCICW,
VCIG,
VCIT,
VCKAU,
VCLN,
VCLT,
VCR,
VCRB,
VCSH,
VCTR,
VCV,
VCXA,
VCXAW,
VCXB-WS,
VCYT,
VDC,
VDE,
VEA,
VECO,
VECT,
VEEA,
VEEAW,
VEEE,
VEEV,
VEGA,
VEGI,
VEGN,
VEL,
VELO,
VEMY,
VENU,
VEON,
VERA,
VERB,
VERI,
VERO,
VERS,
VERU,
VERX,
VET,
VETZ,
VEU,
VEXC,
VFC,
VFF,
VFH,
VFL,
VFLO,
VFMF,
VFMO,
VFMV,
VFQY,
VFS,
VFSWW,
VFVA,
VG,
VGAS,
VGASW,
VGFC,
VGHY,
VGI,
VGIT,
VGK,
VGLT,
VGM,
VGMS,
VGSH,
VGSR,
VGT,
VGUS,
VGVT,
VGZ,
VHAI,
VHAI-WS-A,
VHAI-WS-B,
VHAQ-R,
VHC,
VHI,
VHT,
VIA,
VIASP,
VIAV,
VICE,
VICI,
VICR,
VIDI,
VIG,
VIGI,
VIK,
VINC,
VINO,
VINP,
VIOG,
VIOO,
VIOT,
VIOV,
VIPS,
VIR,
VIRC,
VIRT,
VIS,
VIST,
VITL,
VIV,
VIVK,
VIVS,
VIXI,
VIXM,
VIXY,
VKI,
VKQ,
VKTX,
VLCN,
VLD-WS,
VLDRW,
VLGEA,
VLLU,
VLN,
VLN-WS,
VLO,
VLRS,
VLT,
VLTO,
VLTO-W,
VLU,
VLUE,
VLY,
VLYPO,
VLYPP,
VMAR,
VMAX,
VMBS,
VMD,
VMEO,
VMGA,
VMGAW,
VMI,
VMO,
VMW,
VNAM,
VNCE,
VNDA,
VNET,
VNLA,
VNM,
VNME,
VNMEU,
VNMEW,
VNO,
VNO-P-L,
VNO-P-M,
VNO-P-N,
VNO-P-O,
VNOM,
VNQ,
VNQI,
VNRX,
VNSE,
VNT,
VNTG,
VO,
VOC,
VOD,
VOE,
VOLT,
VONE,
VONG,
VONV,
VOO,
VOOG,
VOOV,
VOR,
VOT,
VOTE,
VOX,
VOXR,
VOYA,
VOYA-P-B,
VOYG,
VOYX,
VPC,
VPG,
VPL,
VPLS,
VPU,
VPV,
VRA,
VRAI,
VRAR,
VRAX,
VRCA,
VRDN,
VRE,
VREX,
VRIG,
VRME,
VRMMQ,
VRNA,
VRNS,
VRNT,
VRP,
VRRM,
VRSK,
VRSN,
VRT,
VRTL,
VRTS,
VRTX,
VS,
VSA,
VSAT,
VSCO,
VSDA,
VSEC,
VSEE,
VSEEW,
VSGX,
VSH,
VSHY,
VSLU,
VSME,
VSMV,
VSS,
VSSYW,
VST,
VSTA,
VSTD,
VSTL,
VSTM,
VSTS,
VSTS-W,
VT,
VTA,
VTAK,
VTC,
VTEB,
VTEC,
VTEI,
VTEL,
VTES,
VTEX,
VTGN,
VTHR,
VTI,
VTIP,
VTLE,
VTMX,
VTN,
VTOL,
VTP,
VTRS,
VTS,
VTS-W,
VTSI,
VTV,
VTVT,
VTWG,
VTWO,
VTWV,
VTYX,
VUG,
VUSB,
VUSE,
VUZI,
VV,
VVOS,
VVPR,
VVR,
VVV,
VVX,
VWAV,
VWAVW,
VWID,
VWO,
VWOB,
VXF,
VXRT,
VXUS,
VXX,
VXZ,
VYGR,
VYLD,
VYM,
VYMI,
VYNE,
VYX,
VYX-W,
VZLA,
W,
WAB,
WABC,
WABF,
WAFD,
WAFDP,
WAFU,
WAI,
WAL,
WAL-P-A,
WALD,
WALDW,
WANT,
WASH,
WAT,
WATT,
WAVE,
WAY,
WB,
WBI,
WBIF,
WBIG,
WBIL,
WBIY,
WBS,
WBS-P-F,
WBS-P-G,
WBTN,
WBUY,
WBX,
WCBR,
WCC,
WCEO,
WCLD,
WCME,
WCMI,
WCN,
WCPB,
WCT,
WD,
WDAF,
WDAY,
WDC,
WDCVV,
WDFC,
WDGF,
WDH,
WDI,
WDIV,
WDNA,
WDS,
WDTE,
WEA,
WEAT,
WEAV,
WEBL,
WEBS,
WEC,
WEED,
WEEI,
WEEK,
WEEL,
WEN,
WENA,
WENAW,
WENN,
WENNU,
WENNW,
WERN,
WES,
WEST,
WETO,
WEX,
WEYS,
WF,
WFC-P-A,
WFC-P-C,
WFC-P-D,
WFC-P-L,
WFC-P-Y,
WFC-P-Z,
WFCF,
WFF,
WFG,
WFH,
WFRD,
WGMI,
WGO,
WGRX,
WGS,
WGSWW,
WH,
WHD,
WHF,
WHFCL,
WHG,
WHLR,
WHLRD,
WHLRL,
WHLRP,
WHR,
WHTX,
WHWK,
WIA,
WILC,
WIMI,
WINA,
WING,
WINN,
WIP,
WISE,
WIT,
WIW,
WIX,
WK,
WKC,
WKEY,
WKEYV,
WKHS,
WKSP,
WLAC,
WLACU,
WLACW,
WLDN,
WLDR,
WLDS,
WLDSW,
WLFC,
WLGS,
WLK,
WLKP,
WLTG,
WLY,
WLYB,
WM,
WMB,
WMG,
WMK,
WMS,
WNC,
WNEB,
WNS,
WNTR,
WNW,
WOK,
WOLF,
WOMN,
WOOD,
WOOF,
WOR,
WOR-W,
WORX,
WOW,
WPAY,
WPC,
WPC-W,
WPM,
WPP,
WPRT,
WRAP,
WRB,
WRB-P-E,
WRB-P-F,
WRB-P-G,
WRB-P-H,
WRBY,
WRD,
WRLD,
WRN,
WRND,
WS,
WS-W,
WSBC,
WSBCP,
WSBF,
WSBK,
WSC,
WSFS,
WSM,
WSO,
WSO-B,
WSR,
WST,
WT,
WTAI,
WTBA,
WTBN,
WTF,
WTFC,
WTG,
WTGUR,
WTGUU,
WTI,
WTID,
WTIU,
WTM,
WTMF,
WTO,
WTPI,
WTRE,
WTRG,
WTS,
WTTR,
WTV,
WTW,
WU,
WUGI,
WULF,
WUSA,
WVE,
WVVI,
WVVIP,
WW,
WWACU,
WWD,
WWJD,
WWR,
WWW,
WXM,
WY,
WYFI,
WYHG,
WYNN,
WYTC,
WYY,
WZRD,
XAIR,
XAIX,
XAPR,
XAR,
XAUG,
XB,
XBAP,
XBB,
XBI,
XBIL,
XBIO,
XBIT,
XBJA,
XBJL,
XBOC,
XBP,
XBPEW,
XBTY,
XC,
XCCC,
XCEM,
XCH,
XCLR,
XCNY,
XCOR,
XCUR,
XDAP,
XDAT,
XDEC,
XDIV,
XDNA,
XDQQ,
XDSQ,
XDTE,
XELB,
XEMD,
XENE,
XERS,
XES,
XFEB,
XFIV,
XFIX,
XFLT,
XFLT-P-A,
XFLX,
XFOR,
XGN,
XHB,
XHE,
XHG,
XHLD,
XHLF,
XHR,
XHS,
XHYC,
XHYD,
XHYE,
XHYF,
XHYH,
XHYI,
XIDE,
XIDV,
XIFR,
XIJN,
XIMR,
XISE,
XITK,
XJAN,
XJH,
XJR,
XJUL,
XJUN,
XLB,
XLBI,
XLC,
XLCI,
XLE,
XLEI,
XLF,
XLFI,
XLG,
XLI,
XLII,
XLK,
XLKI,
XLO,
XLP,
XLRE,
XLRI,
XLSI,
XLSR,
XLU,
XLUI,
XLV,
XLVI,
XLY,
XLYI,
XLYO,
XM,
XMAG,
XMAR,
XMAY,
XME,
XMHQ,
XMLV,
XMMO,
XMPT,
XMTR,
XMVM,
XNAV,
XNCR,
XNET,
XNTK,
XOCT,
XOEF,
XOMA,
XOMAO,
XOMAP,
XOMO,
XOMX,
XOMZ,
XONE,
XOP,
XOS,
XOSWW,
XOVR,
XP,
XPDB,
XPDBW,
XPEL,
XPER,
XPEV,
XPH,
XPL,
XPND,
XPO,
XPOF,
XPON,
XPP,
XPRO,
XPVVV,
XRAY,
XRLV,
XRLX,
XRMI,
XRPI,
XRPR,
XRPT,
XRT,
XRTX,
XRX,
XSD,
XSEP,
XSHD,
XSHQ,
XSLV,
XSMO,
XSOE,
XSVM,
XSVN,
XSW,
XT,
XTAP,
XTEN,
XTIA,
XTJA,
XTJL,
XTKG,
XTL,
XTLB,
XTN,
XTNT,
XTOC,
XTR,
XTRE,
XTWO,
XTWY,
XUDV,
XUSP,
XV,
XVOL,
XVV,
XWEL,
XXCH,
XXII,
XYF,
XYL,
XYLD,
XYLG,
XYZ,
XYZG,
XYZY,
YAAS,
YALA,
YALL,
YANG,
YB,
YBIT,
YBTC,
YCBD,
YCL,
YCS,
YCY-U,
YDEC,
YDES,
YDESW,
YDKG,
YEAR,
YELP,
YETH,
YETI,
YEXT,
YFFI,
YGLD,
YGMZ,
YHC,
YHGJ,
YHNA,
YHNAR,
YHNAU,
YI,
YIBO,
YINN,
YJ,
YJUN,
YLD,
YLDE,
YMAG,
YMAR,
YMAT,
YMAX,
YMM,
YMT,
YNOT,
YOKE,
YOLO,
YORW,
YOU,
YOUL,
YPF,
YQ,
YQQQ,
YRD,
YSEP,
YSG,
YSPY,
YSXT,
YTRA,
YUM,
YUMC,
YXI,
YXT,
YYAI,
YYGH,
YYY,
Z,
ZALT,
ZAP,
ZAPR,
ZAUG,
ZAZZT,
ZBAI,
ZBAO,
ZBH,
ZBIO,
ZBRA,
ZBZX,
ZBZZT,
ZCMD,
ZCZZT,
ZD,
ZDAI,
ZDEK,
ZDGE,
ZECP,
ZENA,
ZENV,
ZEO,
ZEOWW,
ZEPP,
ZETA,
ZEUS,
ZEV-WS,
ZFEB,
ZG,
ZGEN,
ZGM,
ZGN,
ZH,
ZHDG,
ZIG,
ZIM,
ZIMV,
ZINGU,
ZION,
ZIONP,
ZIP,
ZIPP,
ZJAN,
ZJK,
ZJUL,
ZJUN,
ZJYL,
ZJZZT,
ZK,
ZKH,
ZKIN,
ZLAB,
ZM,
ZMAR,
ZMAY,
ZNB,
ZNOV,
ZNTL,
ZOCT,
ZONE,
ZOOZ,
ZOOZW,
ZROZ,
ZS,
ZSB,
ZSC,
ZSEP,
ZSL,
ZSPC,
ZTAQU,
ZTAX,
ZTEK,
ZTEST,
ZTO,
ZTR,
ZTS,
ZTST,
ZUMZ,
ZURA,
ZVIA,
ZVOL,
ZVRA,
ZVSA,
ZVV,
ZVZZT,
ZWS,
ZWZZT,
ZXYZ-A,
ZXZZT,
ZYBT,
ZYME,
ZYN,
ZYNE,
ZYXI,
ZZK,
ZZZ,
